"Data Dictionary",""
"",""
"--- Time and Location Data ---",""
"timestamp_iso","The exact date and time the record was created on the device (in ISO 8601 format)."
"gps_time_utc","The precise Coordinated Universal Time (UTC) provided by the GPS satellites, used for global time synchronization."
"latitude","The north/south geographic coordinate of the device."
"longitude","The east/west geographic coordinate of the device."
"speed_kmh","The current speed of the vehicle in kilometers per hour."
"heading_deg","The compass direction (0-360 degrees) the vehicle is traveling."
"altitude_m","The elevation of the device above sea level, measured in meters."
"",""
"--- GPS Quality Metrics ---",""
"satellites","The number of GPS satellites the device is currently locked onto. A higher number generally means better location accuracy."
"hdop","Horizontal Dilution of Precision. This is a measure of GPS accuracy. A lower value (typically 1 or 2) indicates high precision, while a higher value indicates lower accuracy."
"",""
"--- Distance Data ---",""
"distance_m","The distance (in meters) of the segment or between points."
"cumulative_distance_m","The cumulative distance (in meters) traveled since the start of the recording session."
"",""
"--- Sensor (IMU) Data ---","These represent the readings from the device's Inertial Measurement Unit (IMU), which detects vibrations caused by road roughness."
"rms_accel_z","RMS vertical acceleration for segments."
"max_accel_z","Max vertical acceleration for segments."
"avg_accel_z","Average vertical acceleration for segments."
"sample_count","Number of samples for segments."
"",""
"--- Road Roughness (IRI) Analytics ---",""
"iri_value","The calculated International Roughness Index. If 0, the vehicle is stationary or the processing engine has not yet begun reporting roughness."
"iri_class","A categorical label (e.g., ""D"") representing the road surface condition based on the IRI value."
"quality_score","A numerical score reflecting the reliability of the IRI calculation."
"quality_grade","A letter grade (e.g., ""F"") summarizing the confidence in the measurement."
"sensor_rate_hz","The sampling frequency of your sensors, measured in Hertz (Hz). e.g., 100 means the device is capturing 100 sensor readings every second."
"",""
"--------------------------------------------------------------------------------------------------------------------------------",""
segment_index,timestamp_iso,gps_time_utc,start_lat,start_lng,end_lat,end_lng,avg_speed_kmh,heading_deg,altitude_m,satellites,hdop,distance_m,cumulative_distance_m,rms_accel_z,max_accel_z,avg_accel_z,sample_count,pitch_deg,roll_deg,lateral_index,context_flag,iri_value,raw_iri,iri_class,iri_standard,quality_score,quality_grade,sensor_rate_hz
0,2026-07-29T17:31:33.312+05:30,2026-07-29T12:01:33.312Z,30.660274,76.683934,30.660098,76.684204,0,271.32,267.1,30,127,32.41,32.41,9.581421,10.060988,9.578104,101,0,0,0,NORMAL,0,0,A,WORLD_BANK,0,A,99.5
1,2026-07-29T17:31:36.942+05:30,2026-07-29T12:01:36.942Z,30.660098,76.684204,30.6607,76.683984,7.968,0,267.1,0,127,70.16,102.57,9.518622,10.09927,9.515398,401,0,0,0,NORMAL,0,0,A,WORLD_BANK,0,A,99.5
2,2026-07-29T17:32:16.266+05:30,2026-07-29T12:02:16.266Z,30.6607,76.683984,30.660577,76.684206,4.693,135,267.1,31,0.49,16.01,118.57,9.509975,11.075461,9.505454,3917,0,0,0,NORMAL,0,0,A,WORLD_BANK,0,A,100
3,2026-07-29T17:32:18.268+05:30,2026-07-29T12:02:18.268Z,30.660577,76.684206,30.660504,76.684282,17.647,137,267.1,32,0.48,10.89,129.46,9.464367,11.209448,9.450857,201,0,0,0,NORMAL,0.4172,0,A,WORLD_BANK,0,A,100
4,2026-07-29T17:32:20.267+05:30,2026-07-29T12:02:20.267Z,30.660504,76.684282,30.660407,76.684361,19.559,143,267.1,32,0.48,13.16,142.62,9.457218,10.443808,9.44819,201,0,0,0,NORMAL,0.9315,0,A,WORLD_BANK,0,A,100
5,2026-07-29T17:32:22.275+05:30,2026-07-29T12:02:22.275Z,30.660407,76.684361,30.660315,76.684432,20.996,143,267.1,32,0.47,12.23,154.86,9.427881,10.405526,9.422002,201,0,0,0,NORMAL,0.8112,0,A,WORLD_BANK,100,A,100
6,2026-07-29T17:32:24.260+05:30,2026-07-29T12:02:24.260Z,30.660315,76.684432,30.660211,76.684522,24.825,143,267.1,32,0.47,14.37,169.23,9.594126,10.769205,9.582939,201,0,0,0,NORMAL,0.8604,0,A,WORLD_BANK,100,A,100
7,2026-07-29T17:32:26.281+05:30,2026-07-29T12:02:26.281Z,30.660211,76.684522,30.660093,76.684622,27.609,144,267.1,32,0.47,16.31,185.54,9.319637,10.405526,9.313822,201,0,0,0,NORMAL,0.6607,0,A,WORLD_BANK,100,A,100
8,2026-07-29T17:32:28.273+05:30,2026-07-29T12:02:28.273Z,30.660093,76.684622,30.659971,76.684725,28.582,144,267.1,32,0.47,16.81,202.35,9.594246,10.922333,9.586843,201,0,0,0,NORMAL,1.6132,0,A,WORLD_BANK,100,A,100
9,2026-07-29T17:32:30.287+05:30,2026-07-29T12:02:30.287Z,30.659971,76.684725,30.659851,76.684826,28.967,143,267.1,32,0.47,16.46,218.81,9.530341,10.788346,9.519326,201,0,0,0,NORMAL,1.0161,0,A,WORLD_BANK,100,A,99.9
10,2026-07-29T17:32:32.259+05:30,2026-07-29T12:02:32.259Z,30.659851,76.684826,30.659728,76.684932,29.665,143,267.1,32,0.48,16.93,235.74,9.579824,10.711782,9.573511,201,0,0,0,NORMAL,1.1059,1.033,A,WORLD_BANK,100,A,99.5
11,2026-07-29T17:32:34.293+05:30,2026-07-29T12:02:34.293Z,30.659728,76.684932,30.659602,76.68504,30.22,144,267.1,32,0.48,17.44,253.18,9.441377,10.309821,9.431906,201,0,0,0,NORMAL,0.9507,1.033,A,WORLD_BANK,100,A,100
12,2026-07-29T17:32:36.258+05:30,2026-07-29T12:02:36.258Z,30.659602,76.68504,30.659473,76.685147,30.68,143,267.1,31,0.5,17.63,270.81,9.549969,10.86491,9.537074,202,0,0,0,NORMAL,0.8442,1.033,A,WORLD_BANK,100,A,100
13,2026-07-29T17:32:38.277+05:30,2026-07-29T12:02:38.277Z,30.659473,76.685147,30.659342,76.685259,31.25,143,267.1,32,0.47,18.08,288.89,9.560381,10.711782,9.546371,201,0,0,0,NORMAL,1.5272,1.1633,A,WORLD_BANK,100,A,99.9
14,2026-07-29T17:32:40.268+05:30,2026-07-29T12:02:40.268Z,30.659342,76.685259,30.65921,76.68537,31.892,144,267.1,32,0.47,18.15,307.04,9.473211,10.520372,9.464474,201,0,0,0,NORMAL,1.3419,1.1633,A,WORLD_BANK,100,A,99.9
15,2026-07-29T17:32:42.266+05:30,2026-07-29T12:02:42.266Z,30.65921,76.68537,30.659074,76.685478,32.378,145,267.1,31,0.48,18.25,325.3,9.570241,10.501231,9.562179,201,0,0,0,NORMAL,0.9208,1.1716,A,WORLD_BANK,100,A,100
16,2026-07-29T17:32:44.267+05:30,2026-07-29T12:02:44.267Z,30.659074,76.685478,30.658942,76.685585,32.576,144,267.1,32,0.47,17.91,343.21,9.457766,10.29068,9.45106,200,0,0,0,NORMAL,0.8766,1.1716,A,WORLD_BANK,100,A,100
17,2026-07-29T17:32:46.276+05:30,2026-07-29T12:02:46.276Z,30.658942,76.685585,30.65881,76.685694,32.842,144,267.1,32,0.47,18.08,361.29,9.472612,10.252398,9.466093,201,0,0,0,NORMAL,0.7028,1.1716,A,WORLD_BANK,100,A,100
18,2026-07-29T17:32:48.264+05:30,2026-07-29T12:02:48.264Z,30.65881,76.685694,30.658676,76.685804,32.976,144,267.1,32,0.47,18.17,379.46,9.583883,10.48209,9.576147,200,0,0,0,NORMAL,0.7992,1.0634,A,WORLD_BANK,100,A,100
19,2026-07-29T17:32:50.267+05:30,2026-07-29T12:02:50.267Z,30.658676,76.685804,30.65854,76.685916,33.18,144,267.1,32,0.47,18.6,398.06,9.347652,10.118411,9.341058,201,0,0,0,NORMAL,1.2701,1.0634,A,WORLD_BANK,100,A,100
20,2026-07-29T17:32:52.264+05:30,2026-07-29T12:02:52.264Z,30.65854,76.685916,30.658404,76.686029,33.43,144,267.1,32,0.46,18.59,416.65,9.483028,10.845769,9.471828,200,0,0,0,NORMAL,1.9003,1.0901,A,WORLD_BANK,100,A,99.4
21,2026-07-29T17:32:54.265+05:30,2026-07-29T12:02:54.265Z,30.658404,76.686029,30.658267,76.686142,33.405,144,267.1,31,0.47,18.6,435.25,9.437677,10.807487,9.423526,201,0,0,0,NORMAL,1.0812,1.0901,A,WORLD_BANK,100,A,100
22,2026-07-29T17:32:56.278+05:30,2026-07-29T12:02:56.278Z,30.658267,76.686142,30.658127,76.686258,33.687,144,267.1,32,0.46,19.15,454.4,9.516351,10.48209,9.506661,201,0,0,0,NORMAL,1.1642,1.0901,A,WORLD_BANK,100,A,99.5
23,2026-07-29T17:32:58.271+05:30,2026-07-29T12:02:58.271Z,30.658127,76.686258,30.65799,76.686379,34.075,143,267.1,32,0.46,19.14,473.55,9.519625,11.400858,9.490091,201,0,0,0,NORMAL,0.7863,1.1571,A,WORLD_BANK,100,A,100
24,2026-07-29T17:33:00.282+05:30,2026-07-29T12:03:00.282Z,30.65799,76.686379,30.657855,76.686499,34.146,143,267.1,32,0.46,18.9,492.45,9.672844,10.788346,9.664144,202,0,0,0,NORMAL,1.4829,1.1571,A,WORLD_BANK,100,A,99.9
25,2026-07-29T17:33:02.264+05:30,2026-07-29T12:03:02.264Z,30.657855,76.686499,30.657721,76.686609,32.604,144,267.1,32,0.46,18.23,510.68,9.675456,11.802819,9.642172,201,0,0,0,NORMAL,1.7234,1.2835,A,WORLD_BANK,100,A,100
26,2026-07-29T17:33:04.280+05:30,2026-07-29T12:03:04.280Z,30.657721,76.686609,30.6576,76.686706,29.264,144,267.1,31,0.48,16.38,527.06,9.440319,10.252398,9.435906,201,0,0,0,NORMAL,2.1834,1.2835,B,WORLD_BANK,100,B,100
27,2026-07-29T17:33:06.274+05:30,2026-07-29T12:03:06.274Z,30.6576,76.686706,30.657498,76.686796,26.214,142,267.1,32,0.48,14.17,541.24,9.516747,10.654359,9.50828,201,0,0,0,NORMAL,1.3813,1.2835,A,WORLD_BANK,100,A,100
28,2026-07-29T17:33:08.274+05:30,2026-07-29T12:03:08.274Z,30.657498,76.686796,30.657408,76.686872,22.008,142,267.1,30,0.52,12.4,553.64,9.65711,10.654359,9.647314,201,0,0,0,NORMAL,0.6398,1.2252,A,WORLD_BANK,100,A,100
29,2026-07-29T17:33:11.272+05:30,2026-07-29T12:03:11.272Z,30.657408,76.686872,30.657318,76.686946,15.516,145,267.1,31,0.5,12.22,565.85,9.541167,12.759869,9.467426,301,0,0,0,NORMAL,2.2423,1.2252,B,WORLD_BANK,100,B,100
30,2026-07-29T17:33:14.277+05:30,2026-07-29T12:03:14.277Z,30.657318,76.686946,30.657228,76.687004,14.782,146,267.1,32,0.48,11.44,577.3,9.492372,11.132884,9.473892,302,0,0,0,NORMAL,1.9019,1.4673,A,WORLD_BANK,74.95,A,100
31,2026-07-29T17:33:19.281+05:30,2026-07-29T12:03:19.281Z,30.657228,76.687004,30.657146,76.68707,9.542,148,267.1,32,0.48,11.19,588.48,9.56452,12.549318,9.501675,503,0,0,0,NORMAL,2.0562,1.5234,B,WORLD_BANK,67.24,B,100
32,2026-07-29T17:33:22.284+05:30,2026-07-29T12:03:22.284Z,30.657146,76.68707,30.657053,76.687148,16.327,142,267.1,32,0.48,12.77,601.26,9.303423,12.109075,9.274108,301,0,0,0,NORMAL,1.7774,1.6504,A,WORLD_BANK,78.41,A,100
33,2026-07-29T17:33:24.272+05:30,2026-07-29T12:03:24.272Z,30.657053,76.687148,30.656953,76.687231,24.949,143,267.1,32,0.48,13.69,614.94,9.636857,10.6735,9.629506,201,0,0,0,NORMAL,1.1141,1.6504,A,WORLD_BANK,78.41,A,99.5
34,2026-07-29T17:33:26.279+05:30,2026-07-29T12:03:26.279Z,30.656953,76.687231,30.656836,76.687328,26.839,144,267.1,32,0.47,15.89,630.83,9.574745,10.6735,9.560385,202,0,0,0,NORMAL,1.1207,1.6504,A,WORLD_BANK,78.41,A,100
35,2026-07-29T17:33:28.272+05:30,2026-07-29T12:03:28.272Z,30.656836,76.687328,30.656715,76.687427,29.331,144,267.1,31,0.47,16.51,647.34,9.508232,11.879383,9.48952,201,0,0,0,NORMAL,1.3491,1.4371,A,WORLD_BANK,100,A,100
36,2026-07-29T17:33:30.275+05:30,2026-07-29T12:03:30.275Z,30.656715,76.687427,30.656576,76.687538,33.069,144,267.1,32,0.47,18.73,666.07,9.363696,11.362576,9.324488,201,0,0,0,NORMAL,1.9728,1.4371,A,WORLD_BANK,100,A,100
37,2026-07-29T17:33:32.267+05:30,2026-07-29T12:03:32.267Z,30.656576,76.687538,30.656436,76.687659,33.659,143,267.1,31,0.49,19.46,685.53,9.619085,11.209448,9.598652,201,0,0,0,NORMAL,2.5594,1.7356,B,WORLD_BANK,100,B,100
38,2026-07-29T17:33:34.276+05:30,2026-07-29T12:03:34.276Z,30.656436,76.687659,30.656299,76.687778,33.862,143,267.1,32,0.47,18.96,704.49,9.70174,11.496563,9.678835,201,0,0,0,NORMAL,1.4673,1.7356,A,WORLD_BANK,100,A,99.9
39,2026-07-29T17:33:36.296+05:30,2026-07-29T12:03:36.296Z,30.656299,76.687778,30.656154,76.687898,34.462,144,267.1,32,0.47,19.81,724.31,9.719426,11.305153,9.689024,201,0,0,0,NORMAL,2.0574,1.7356,B,WORLD_BANK,100,B,100
40,2026-07-29T17:33:38.279+05:30,2026-07-29T12:03:38.279Z,30.656154,76.687898,30.656013,76.688013,34.797,144,267.1,32,0.48,19.16,743.46,9.255792,12.281344,9.191358,201,0,0,0,NORMAL,2.901,1.836,B,WORLD_BANK,100,B,99.5
41,2026-07-29T17:33:40.275+05:30,2026-07-29T12:03:40.275Z,30.656013,76.688013,30.655871,76.688129,35.29,144,267.1,31,0.5,19.3,762.77,9.432754,11.707114,9.394672,201,0,0,0,NORMAL,2.5027,1.836,B,WORLD_BANK,100,B,100
42,2026-07-29T17:33:41.271+05:30,2026-07-29T12:03:41.271Z,30.655871,76.688129,30.655797,76.68819,35.468,144,262.11,32,0.48,10.12,772.88,9.572665,12.281344,9.515469,100,0,0,0,NORMAL,1.6375,1.836,A,WORLD_BANK,100,A,100
43,2026-07-29T17:33:42.277+05:30,2026-07-29T12:03:42.277Z,30.655797,76.68819,30.655723,76.688254,36.068,143,261.91,31,0.5,10.23,783.12,9.234279,10.960615,9.209022,100,0,0,0,NORMAL,1.3944,2.0901,A,WORLD_BANK,100,A,100
44,2026-07-29T17:33:43.268+05:30,2026-07-29T12:03:43.268Z,30.655723,76.688254,30.655648,76.688319,36.323,143,262.16,31,0.5,10.39,793.51,9.626492,12.223921,9.584377,100,0,0,0,NORMAL,1.3691,2.0901,A,WORLD_BANK,100,A,100
45,2026-07-29T17:33:44.270+05:30,2026-07-29T12:03:44.270Z,30.655648,76.688319,30.655571,76.688384,36.592,143,262.1,31,0.5,10.6,804.11,9.358778,11.037179,9.31809,101,0,0,0,NORMAL,1.3369,2.0901,A,WORLD_BANK,100,A,99.5
46,2026-07-29T17:33:45.275+05:30,2026-07-29T12:03:45.275Z,30.655571,76.688384,30.655493,76.688448,36.945,144,261.52,30,0.51,10.66,814.77,10.063335,12.625882,10.022896,101,0,0,0,NORMAL,1.9577,2.0901,A,WORLD_BANK,100,A,99.5
47,2026-07-29T17:33:46.279+05:30,2026-07-29T12:03:46.279Z,30.655493,76.688448,30.655415,76.688512,37.263,144,260.89,31,0.49,10.48,825.25,9.373007,10.826628,9.351431,100,0,0,0,NORMAL,2.3154,2.0901,B,WORLD_BANK,100,B,100
48,2026-07-29T17:33:47.274+05:30,2026-07-29T12:03:47.274Z,30.655415,76.688512,30.655339,76.688576,37.657,144,260.15,31,0.49,10.5,835.75,9.723634,10.750064,9.710133,100,0,0,0,NORMAL,3.0015,2.2773,B,WORLD_BANK,100,B,100
49,2026-07-29T17:33:48.286+05:30,2026-07-29T12:03:48.286Z,30.655339,76.688576,30.655263,76.688643,37.608,144,259.79,32,0.48,10.64,846.39,9.355591,10.807487,9.332872,101,0,0,0,NORMAL,2.5252,2.2773,B,WORLD_BANK,100,B,99.9
50,2026-07-29T17:33:49.279+05:30,2026-07-29T12:03:49.279Z,30.655263,76.688643,30.655187,76.688706,37.315,144,259.67,32,0.48,10.36,856.75,9.281181,10.596936,9.264078,101,0,0,0,NORMAL,1.8912,2.2773,A,WORLD_BANK,100,A,99.9
51,2026-07-29T17:33:50.270+05:30,2026-07-29T12:03:50.270Z,30.655187,76.688706,30.655111,76.68877,36.673,144,259.61,32,0.49,10.4,867.15,9.446492,10.86491,9.428378,100,0,0,0,NORMAL,1.5321,2.2773,A,WORLD_BANK,100,A,100
52,2026-07-29T17:33:51.286+05:30,2026-07-29T12:03:51.286Z,30.655111,76.68877,30.655036,76.68883,35.983,143,259.46,32,0.49,10.09,877.24,9.650209,11.802819,9.632116,101,0,0,0,NORMAL,1.8757,2.2773,A,WORLD_BANK,100,A,100
53,2026-07-29T17:33:53.282+05:30,2026-07-29T12:03:53.282Z,30.655036,76.68883,30.654896,76.68895,35.226,143,259.62,32,0.48,19.38,896.61,9.664747,12.223921,9.630411,200,0,0,0,NORMAL,1.5585,1.9751,A,WORLD_BANK,100,A,100
54,2026-07-29T17:33:55.282+05:30,2026-07-29T12:03:55.282Z,30.654896,76.68895,30.654758,76.689068,34.526,143,259.37,32,0.48,19.08,915.7,9.331197,11.324294,9.310585,201,0,0,0,NORMAL,2.6689,1.9751,B,WORLD_BANK,100,B,100
55,2026-07-29T17:33:57.278+05:30,2026-07-29T12:03:57.278Z,30.654758,76.689068,30.654622,76.689178,34.041,144,259.59,30,0.5,18.44,934.14,9.544879,10.558654,9.533189,101,0,0,0,NORMAL,1.02,1.9453,A,WORLD_BANK,100,A,99.5
56,2026-07-29T17:33:59.278+05:30,2026-07-29T12:03:59.278Z,30.654622,76.689178,30.654485,76.68929,33.894,144,260.55,31,0.48,18.63,952.77,9.579007,10.769205,9.561982,200,0,0,0,NORMAL,1.2911,1.9453,A,WORLD_BANK,100,A,100
57,2026-07-29T17:34:01.282+05:30,2026-07-29T12:04:01.282Z,30.654485,76.68929,30.654347,76.689406,33.761,144,261.02,32,0.47,18.91,971.68,9.481111,11.190307,9.46331,200,0,0,0,NORMAL,1.4059,1.9453,A,WORLD_BANK,100,A,100
58,2026-07-29T17:34:03.281+05:30,2026-07-29T12:04:03.281Z,30.654347,76.689406,30.654215,76.689518,33.952,143,261.64,32,0.47,18.19,989.87,9.488802,10.596936,9.479963,200,0,0,0,NORMAL,0.8884,1.5131,A,WORLD_BANK,100,A,100
59,2026-07-29T17:34:05.278+05:30,2026-07-29T12:04:05.278Z,30.654215,76.689518,30.654078,76.689634,34.121,144,261.42,32,0.47,18.83,1008.7,9.497668,11.343435,9.475997,201,0,0,0,NORMAL,1.2068,1.5131,A,WORLD_BANK,100,A,99.4
60,2026-07-29T17:34:07.294+05:30,2026-07-29T12:04:07.294Z,30.654078,76.689634,30.65394,76.689749,34.102,144,261.13,32,0.47,18.89,1027.59,9.575221,11.879383,9.551359,200,0,0,0,NORMAL,1.8423,1.3078,A,WORLD_BANK,100,A,100
61,2026-07-29T17:34:09.283+05:30,2026-07-29T12:04:09.283Z,30.65394,76.689749,30.653806,76.689867,34.294,143,260.56,32,0.47,18.71,1046.3,9.83267,12.511036,9.801627,200,0,0,0,NORMAL,2.188,1.3078,B,WORLD_BANK,100,B,100
62,2026-07-29T17:34:11.278+05:30,2026-07-29T12:04:11.278Z,30.653806,76.689867,30.653667,76.689983,34.61,144,260.28,32,0.47,19.02,1065.31,9.600526,10.922333,9.581987,201,0,0,0,NORMAL,1.357,1.3078,A,WORLD_BANK,100,A,100
63,2026-07-29T17:34:13.279+05:30,2026-07-29T12:04:13.279Z,30.653667,76.689983,30.653525,76.690101,34.704,143,260.39,32,0.48,19.44,1084.75,9.330235,10.941474,9.310565,200,0,0,0,NORMAL,1.9743,1.5473,A,WORLD_BANK,100,A,100
64,2026-07-29T17:34:15.283+05:30,2026-07-29T12:04:15.283Z,30.653525,76.690101,30.653385,76.690219,34.85,143,260.76,32,0.47,19.21,1103.95,9.488882,11.152025,9.468383,200,0,0,0,NORMAL,2.3802,1.5473,B,WORLD_BANK,100,B,100
65,2026-07-29T17:34:17.270+05:30,2026-07-29T12:04:17.270Z,30.653385,76.690219,30.653243,76.690339,34.825,143,260.92,32,0.47,19.47,1123.43,9.613552,12.855574,9.569417,201,0,0,0,NORMAL,1.7151,1.8809,A,WORLD_BANK,100,A,99.5
66,2026-07-29T17:34:19.279+05:30,2026-07-29T12:04:19.279Z,30.653243,76.690339,30.653103,76.690461,35.084,143,261.03,32,0.47,19.46,1142.89,9.421912,10.348103,9.409815,202,0,0,0,NORMAL,1.0545,1.8809,A,WORLD_BANK,100,A,100
67,2026-07-29T17:34:21.291+05:30,2026-07-29T12:04:21.291Z,30.653103,76.690461,30.652961,76.690583,35.451,143,261.17,32,0.47,19.65,1162.54,9.440953,10.635218,9.422636,200,0,0,0,NORMAL,1.1934,1.8809,A,WORLD_BANK,100,A,99.5
68,2026-07-29T17:34:23.286+05:30,2026-07-29T12:04:23.286Z,30.652961,76.690583,30.652816,76.690706,35.546,143,261.28,32,0.47,19.98,1182.52,9.614274,11.898524,9.569926,200,0,0,0,NORMAL,1.6569,1.6521,A,WORLD_BANK,100,A,100
69,2026-07-29T17:34:24.286+05:30,2026-07-29T12:04:24.286Z,30.652816,76.690706,30.65274,76.690768,35.596,143,261.32,32,0.47,10.27,1192.8,9.484635,11.24773,9.447907,101,0,0,0,NORMAL,2.0921,1.6521,B,WORLD_BANK,100,B,100
70,2026-07-29T17:34:26.290+05:30,2026-07-29T12:04:26.290Z,30.65274,76.690768,30.652596,76.690887,35.819,143,261.13,32,0.47,19.68,1212.48,9.4304,10.884051,9.41096,200,0,0,0,NORMAL,0.9236,1.6521,A,WORLD_BANK,100,A,100
71,2026-07-29T17:34:27.286+05:30,2026-07-29T12:04:27.286Z,30.652596,76.690887,30.652521,76.690949,36.035,143,261.15,32,0.47,10.22,1222.7,9.40455,11.075461,9.383779,100,0,0,0,NORMAL,1.1398,1.2837,A,WORLD_BANK,100,A,100
72,2026-07-29T17:34:28.285+05:30,2026-07-29T12:04:28.285Z,30.652521,76.690949,30.652445,76.691012,36.094,144,261.09,32,0.47,10.37,1233.07,9.193276,10.48209,9.178038,101,0,0,0,NORMAL,1.6143,1.2837,A,WORLD_BANK,100,A,100
73,2026-07-29T17:34:29.286+05:30,2026-07-29T12:04:29.286Z,30.652445,76.691012,30.652369,76.691074,36.149,143,261.3,31,0.48,10.35,1243.42,9.662287,11.726255,9.637422,101,0,0,0,NORMAL,2.1717,1.2837,B,WORLD_BANK,100,B,100
74,2026-07-29T17:34:30.283+05:30,2026-07-29T12:04:30.283Z,30.652369,76.691074,30.652294,76.691136,36.135,144,261.37,32,0.47,10.24,1253.66,9.81414,11.726255,9.79512,100,0,0,0,NORMAL,1.6053,1.2837,A,WORLD_BANK,100,A,99.5
75,2026-07-29T17:34:31.283+05:30,2026-07-29T12:04:31.283Z,30.652294,76.691136,30.652219,76.691196,35.9,144,261.24,32,0.47,10.15,1263.81,9.514214,14.252867,9.367127,100,0,0,0,NORMAL,1.5297,1.2837,A,WORLD_BANK,100,A,99.5
76,2026-07-29T17:34:33.284+05:30,2026-07-29T12:04:33.284Z,30.652219,76.691196,30.652074,76.691316,35.437,144,261.08,32,0.47,19.7,1283.51,9.595611,12.147357,9.511803,201,0,0,0,NORMAL,4.1467,1.8043,C,WORLD_BANK,100,C,100
77,2026-07-29T17:34:35.286+05:30,2026-07-29T12:04:35.286Z,30.652074,76.691316,30.651936,76.691435,34.906,143,261.38,32,0.47,19.2,1302.71,9.689352,12.128216,9.654121,199,0,0,0,NORMAL,1.9148,1.8043,A,WORLD_BANK,100,A,100
78,2026-07-29T17:34:37.280+05:30,2026-07-29T12:04:37.280Z,30.651936,76.691435,30.651799,76.691556,34.62,143,261.42,32,0.47,19.1,1321.81,9.439544,11.228589,9.401814,201,0,0,0,NORMAL,2.9141,2.5425,B,WORLD_BANK,100,B,99.5
79,2026-07-29T17:34:39.280+05:30,2026-07-29T12:04:39.280Z,30.651799,76.691556,30.651659,76.691673,34.577,144,261.21,31,0.47,19.22,1341.03,9.524199,11.400858,9.498338,200,0,0,0,NORMAL,1.498,2.5425,A,WORLD_BANK,100,A,100
80,2026-07-29T17:34:41.278+05:30,2026-07-29T12:04:41.278Z,30.651659,76.691673,30.651522,76.69179,34.262,143,261.53,32,0.47,18.84,1359.87,9.485775,12.128216,9.427811,201,0,0,0,NORMAL,2.1888,2.5425,B,WORLD_BANK,100,B,100
81,2026-07-29T17:34:43.271+05:30,2026-07-29T12:04:43.271Z,30.651522,76.69179,30.651385,76.691909,34.212,143,261.31,32,0.47,19.04,1378.91,9.501266,12.912997,9.409718,201,0,0,0,NORMAL,3.5572,2.7324,B,WORLD_BANK,100,B,100
82,2026-07-29T17:34:45.278+05:30,2026-07-29T12:04:45.278Z,30.651385,76.691909,30.651247,76.692027,34.45,144,261.13,32,0.47,19.02,1397.93,9.583234,12.300485,9.507899,201,0,0,0,NORMAL,2.2118,2.7324,B,WORLD_BANK,100,B,99.5
83,2026-07-29T17:34:47.278+05:30,2026-07-29T12:04:47.278Z,30.651247,76.692027,30.651111,76.692138,34.234,144,261.17,31,0.48,18.57,1416.5,10.068506,13.334099,9.973716,202,0,0,0,NORMAL,2.3381,2.4843,B,WORLD_BANK,100,B,100
84,2026-07-29T17:34:49.272+05:30,2026-07-29T12:04:49.272Z,30.651111,76.692138,30.650976,76.692252,34.051,144,261.38,32,0.46,18.55,1435.05,9.845602,14.69311,9.683432,200,0,0,0,NORMAL,3.0751,2.4843,B,WORLD_BANK,100,B,100
85,2026-07-29T17:34:51.275+05:30,2026-07-29T12:04:51.275Z,30.650976,76.692252,30.650837,76.692368,33.815,144,261.53,31,0.49,19,1454.05,9.362043,11.879383,9.329934,202,0,0,0,NORMAL,2.5722,2.4843,B,WORLD_BANK,100,B,100
86,2026-07-29T17:34:53.266+05:30,2026-07-29T12:04:53.266Z,30.650837,76.692368,30.650698,76.692486,34.146,143,261.88,31,0.49,19.09,1473.14,9.664185,11.82196,9.625339,200,0,0,0,NORMAL,3.7954,2.7878,B,WORLD_BANK,100,B,100
87,2026-07-29T17:34:55.274+05:30,2026-07-29T12:04:55.274Z,30.650698,76.692486,30.65056,76.692606,34.044,143,262.13,31,0.49,19.24,1492.38,9.505523,11.152025,9.487524,200,0,0,0,NORMAL,2.2151,2.7878,B,WORLD_BANK,100,B,100
88,2026-07-29T17:34:57.280+05:30,2026-07-29T12:04:57.280Z,30.65056,76.692606,30.650428,76.692716,32.627,143,261.87,32,0.48,18.01,1510.39,9.953856,14.654828,9.869292,201,0,0,0,NORMAL,3.2417,2.9256,B,WORLD_BANK,100,B,99.5
89,2026-07-29T17:34:59.265+05:30,2026-07-29T12:04:59.265Z,30.650428,76.692716,30.650297,76.692829,32.407,142,262.59,32,0.48,18.09,1528.48,9.426041,11.400858,9.400671,201,0,0,0,NORMAL,2.972,2.9256,B,WORLD_BANK,100,B,100
90,2026-07-29T17:35:01.272+05:30,2026-07-29T12:05:01.272Z,30.650297,76.692829,30.650162,76.69294,33.043,143,262.44,32,0.48,18.39,1546.87,9.526794,11.286012,9.501042,201,0,0,0,NORMAL,1.4206,2.9256,A,WORLD_BANK,100,A,100
91,2026-07-29T17:35:03.285+05:30,2026-07-29T12:05:03.285Z,30.650162,76.69294,30.650023,76.693058,33.858,143,262.11,32,0.47,19.15,1566.02,9.455446,11.82196,9.410956,201,0,0,0,NORMAL,1.6875,2.5715,A,WORLD_BANK,100,A,99.5
92,2026-07-29T17:35:05.271+05:30,2026-07-29T12:05:05.271Z,30.650023,76.693058,30.649881,76.693173,34.181,144,261.84,31,0.49,19.28,1585.3,9.673376,12.77901,9.633187,200,0,0,0,NORMAL,2.7518,2.5715,B,WORLD_BANK,100,B,100
93,2026-07-29T17:35:07.276+05:30,2026-07-29T12:05:07.276Z,30.649881,76.693173,30.649737,76.69329,34.521,144,261.79,32,0.48,19.55,1604.85,9.756158,13.793483,9.689557,200,0,0,0,NORMAL,3.0228,2.4063,B,WORLD_BANK,100,B,100
94,2026-07-29T17:35:09.297+05:30,2026-07-29T12:05:09.297Z,30.649737,76.69329,30.649596,76.693409,34.088,144,261.33,32,0.48,19.43,1624.28,9.596431,12.185639,9.518088,201,0,0,0,NORMAL,3.1185,2.4063,B,WORLD_BANK,100,B,100
95,2026-07-29T17:35:11.274+05:30,2026-07-29T12:05:11.274Z,30.649596,76.693409,30.649461,76.693522,33.402,144,261.55,31,0.5,18.45,1642.73,9.724243,12.817292,9.593414,201,0,0,0,NORMAL,3.8469,2.4063,B,WORLD_BANK,100,B,100
96,2026-07-29T17:35:13.278+05:30,2026-07-29T12:05:13.278Z,30.649461,76.693522,30.649324,76.693632,32.826,144,261.36,31,0.49,18.54,1661.26,9.602487,12.893856,9.536753,201,0,0,0,NORMAL,2.7574,2.764,B,WORLD_BANK,100,B,100
97,2026-07-29T17:35:15.276+05:30,2026-07-29T12:05:15.276Z,30.649324,76.693632,30.64919,76.693743,32.434,144,261.31,32,0.48,18.33,1679.6,9.437728,11.994229,9.414118,200,0,0,0,NORMAL,1.5105,2.764,A,WORLD_BANK,100,A,100
98,2026-07-29T17:35:17.274+05:30,2026-07-29T12:05:17.274Z,30.64919,76.693743,30.649062,76.693851,32.057,144,261.21,32,0.48,17.52,1697.11,9.515079,13.123548,9.447428,201,0,0,0,NORMAL,2.6381,2.6531,B,WORLD_BANK,100,B,99
99,2026-07-29T17:35:19.268+05:30,2026-07-29T12:05:19.268Z,30.649062,76.693851,30.64894,76.693956,31.572,144,260.98,32,0.48,16.93,1714.04,9.678954,11.726255,9.642648,201,0,0,0,NORMAL,2.3855,2.6531,B,WORLD_BANK,100,B,100
100,2026-07-29T17:35:21.272+05:30,2026-07-29T12:05:21.272Z,30.64894,76.693956,30.648812,76.694059,31.219,143,260.94,32,0.48,17.21,1731.25,9.712732,16.43494,9.538277,201,0,0,0,NORMAL,4.4344,2.6531,C,WORLD_BANK,100,C,100
101,2026-07-29T17:35:23.269+05:30,2026-07-29T12:05:23.269Z,30.648812,76.694059,30.648687,76.694162,30.397,144,261.28,32,0.48,17.12,1748.37,9.461516,11.917665,9.39536,200,0,0,0,NORMAL,3.8144,2.8237,B,WORLD_BANK,100,B,100
102,2026-07-29T17:35:25.280+05:30,2026-07-29T12:05:25.280Z,30.648687,76.694162,30.648569,76.694261,29.555,143,261.37,32,0.48,16.17,1764.55,9.481761,12.415331,9.447328,200,0,0,0,NORMAL,1.8091,2.8237,A,WORLD_BANK,100,A,99.5
103,2026-07-29T17:35:27.272+05:30,2026-07-29T12:05:27.272Z,30.648569,76.694261,30.648452,76.694362,30.613,143,261.58,32,0.48,16.22,1780.76,9.578739,10.788346,9.568083,201,0,0,0,NORMAL,1.3824,2.6254,A,WORLD_BANK,100,A,99.5
104,2026-07-29T17:35:29.273+05:30,2026-07-29T12:05:29.273Z,30.648452,76.694362,30.64832,76.694476,32.538,144,261.1,32,0.48,18.21,1798.98,9.458016,11.592268,9.437661,200,0,0,0,NORMAL,1.4863,2.6254,A,WORLD_BANK,100,A,100
105,2026-07-29T17:35:31.269+05:30,2026-07-29T12:05:31.269Z,30.64832,76.694476,30.648179,76.694593,34.193,144,260.81,32,0.48,19.37,1818.35,9.343085,13.123548,9.269446,201,0,0,0,NORMAL,2.5235,2.6254,B,WORLD_BANK,100,B,100
106,2026-07-29T17:35:33.269+05:30,2026-07-29T12:05:33.269Z,30.648179,76.694593,30.648033,76.694717,34.998,143,260.62,32,0.48,20.03,1838.38,9.54441,12.5876,9.457194,202,0,0,0,NORMAL,3.6958,2.7492,B,WORLD_BANK,100,B,100
107,2026-07-29T17:35:35.272+05:30,2026-07-29T12:05:35.272Z,30.648033,76.694717,30.647888,76.694844,35.708,143,260.66,32,0.48,20.17,1858.55,9.455262,11.152025,9.43278,200,0,0,0,NORMAL,1.1964,2.7492,A,WORLD_BANK,100,A,99.5
108,2026-07-29T17:35:36.275+05:30,2026-07-29T12:05:36.275Z,30.647888,76.694844,30.647814,76.694909,36.218,143,260.5,32,0.48,10.28,1868.84,9.648591,11.668832,9.614237,100,0,0,0,NORMAL,2.2793,2.7492,B,WORLD_BANK,100,B,100
109,2026-07-29T17:35:37.265+05:30,2026-07-29T12:05:37.265Z,30.647814,76.694909,30.64774,76.694972,36.468,143,260.31,32,0.48,10.24,1879.08,9.802722,11.343435,9.765913,101,0,0,0,NORMAL,2.7229,2.4302,B,WORLD_BANK,100,B,100
110,2026-07-29T17:35:38.270+05:30,2026-07-29T12:05:38.270Z,30.64774,76.694972,30.647665,76.695036,36.377,143,260.36,32,0.48,10.34,1889.42,9.593511,12.281344,9.53281,101,0,0,0,NORMAL,2.5227,2.4302,B,WORLD_BANK,100,B,99.9
111,2026-07-29T17:35:39.265+05:30,2026-07-29T12:05:39.265Z,30.647665,76.695036,30.647593,76.695098,36.179,143,260.58,32,0.48,10.02,1899.44,10.016403,14.195444,9.907477,100,0,0,0,NORMAL,2.3659,2.4302,B,WORLD_BANK,100,B,99.9
112,2026-07-29T17:35:41.274+05:30,2026-07-29T12:05:41.274Z,30.647593,76.695098,30.647454,76.695224,35.355,142,260.49,32,0.48,19.56,1919,9.859696,15.592737,9.697214,201,0,0,0,NORMAL,3.5297,2.4302,B,WORLD_BANK,100,B,100
113,2026-07-29T17:35:43.276+05:30,2026-07-29T12:05:43.276Z,30.647454,76.695224,30.647321,76.695344,34.468,143,260.35,32,0.48,18.75,1937.74,9.460067,11.381717,9.432192,201,0,0,0,NORMAL,1.7538,2.6683,A,WORLD_BANK,100,A,100
114,2026-07-29T17:35:45.270+05:30,2026-07-29T12:05:45.270Z,30.647321,76.695344,30.647181,76.695457,33.966,144,260.29,31,0.5,18.93,1956.68,9.815366,12.281344,9.774157,202,0,0,0,NORMAL,1.9731,2.6683,A,WORLD_BANK,100,A,100
115,2026-07-29T17:35:47.281+05:30,2026-07-29T12:05:47.281Z,30.647181,76.695457,30.647042,76.695574,34.835,143,260.5,32,0.48,19.07,1975.75,9.412762,10.845769,9.397719,201,0,0,0,NORMAL,3.232,2.5544,B,WORLD_BANK,100,B,100
116,2026-07-29T17:35:49.271+05:30,2026-07-29T12:05:49.271Z,30.647042,76.695574,30.646897,76.695696,36.257,143,260.59,32,0.48,19.93,1995.68,9.51739,10.539513,9.507622,200,0,0,0,NORMAL,1.7746,2.5544,A,WORLD_BANK,100,A,100
117,2026-07-29T17:35:50.271+05:30,2026-07-29T12:05:50.271Z,30.646897,76.695696,30.646819,76.695763,36.862,142,260.43,32,0.48,10.84,2006.52,9.5353,10.233257,9.52902,101,0,0,0,NORMAL,0.8435,2.5544,A,WORLD_BANK,100,A,99.5
118,2026-07-29T17:35:51.276+05:30,2026-07-29T12:05:51.276Z,30.646819,76.695763,30.646745,76.695831,36.849,142,260.28,32,0.46,10.5,2017.02,9.321928,10.233257,9.310852,100,0,0,0,NORMAL,0.8262,2.5544,A,WORLD_BANK,100,A,99.5
119,2026-07-29T17:35:52.277+05:30,2026-07-29T12:05:52.277Z,30.646745,76.695831,30.646673,76.695897,36.346,141,260.33,32,0.46,10.15,2027.17,9.436695,10.596936,9.415171,100,0,0,0,NORMAL,1.5882,1.7299,A,WORLD_BANK,100,A,100
120,2026-07-29T17:35:54.272+05:30,2026-07-29T12:05:54.272Z,30.646673,76.695897,30.646541,76.696021,32.964,141,260.8,32,0.46,18.86,2046.03,9.337367,15.822429,9.117365,201,0,0,0,NORMAL,2.3866,1.7299,B,WORLD_BANK,100,B,99.9
121,2026-07-29T17:35:56.283+05:30,2026-07-29T12:05:56.283Z,30.646541,76.696021,30.646428,76.696128,29.107,141,261.76,32,0.46,16.12,2062.15,9.624178,13.487226,9.473934,200,0,0,0,NORMAL,4.9166,1.7299,C,WORLD_BANK,100,C,100
122,2026-07-29T17:35:58.275+05:30,2026-07-29T12:05:58.275Z,30.646428,76.696128,30.646317,76.696219,28.314,144,262.73,32,0.46,15.13,2077.28,9.374962,12.281344,9.298191,202,0,0,0,NORMAL,4.812,2.6665,C,WORLD_BANK,100,C,100
123,2026-07-29T17:36:00.272+05:30,2026-07-29T12:06:00.272Z,30.646317,76.696219,30.646207,76.696284,23.567,148,262.82,31,0.48,13.73,2091.01,9.500412,12.740728,9.416574,201,0,0,0,NORMAL,2.5628,2.6665,B,WORLD_BANK,100,B,100
124,2026-07-29T17:36:03.287+05:30,2026-07-29T12:06:03.287Z,30.646207,76.696284,30.646079,76.696268,17.846,186,263.92,32,0.46,14.97,2105.98,9.45805,14.004034,9.340053,301,0,0,0,NORMAL,3.0078,2.8915,B,WORLD_BANK,73.6,B,100
125,2026-07-29T17:36:05.272+05:30,2026-07-29T12:06:05.272Z,30.646079,76.696268,30.646027,76.696174,15.992,224,264.74,32,0.48,10.92,2116.89,9.56777,10.386385,9.56209,202,0,0,0,NORMAL,2.0533,2.8915,B,WORLD_BANK,73.6,B,100
126,2026-07-29T17:36:07.275+05:30,2026-07-29T12:06:07.275Z,30.646027,76.696174,30.646012,76.696067,17.686,242,264.64,32,0.48,10.33,2127.22,9.341446,10.807487,9.330773,201,0,0,0,NORMAL,1.1303,2.9396,A,WORLD_BANK,77.83,A,99.5
127,2026-07-29T17:36:09.264+05:30,2026-07-29T12:06:09.264Z,30.646012,76.696067,30.645979,76.695928,23.742,250,263.61,32,0.48,13.84,2141.06,9.400834,10.462949,9.385981,200,0,0,0,NORMAL,1.5232,2.9396,A,WORLD_BANK,77.83,A,100
128,2026-07-29T17:36:11.270+05:30,2026-07-29T12:06:11.270Z,30.645979,76.695928,30.645947,76.695774,24.457,251,262.82,32,0.48,15.19,2156.25,9.639956,10.979756,9.618281,202,0,0,0,NORMAL,1.4611,2.9396,A,WORLD_BANK,77.83,A,99.9
129,2026-07-29T17:36:13.271+05:30,2026-07-29T12:06:13.271Z,30.645947,76.695774,30.645931,76.695625,25.287,259,263,32,0.48,14.32,2170.57,9.423042,10.309821,9.4123,200,0,0,0,NORMAL,0.8646,2.3299,A,WORLD_BANK,100,A,100
130,2026-07-29T17:36:15.271+05:30,2026-07-29T12:06:15.271Z,30.645931,76.695625,30.645927,76.695446,31.356,262,262.62,32,0.48,17.13,2187.7,9.532341,10.616077,9.522374,201,0,0,0,NORMAL,0.9604,2.3299,A,WORLD_BANK,100,A,100
131,2026-07-29T17:36:17.274+05:30,2026-07-29T12:06:17.274Z,30.645927,76.695446,30.645914,76.695243,33.024,263,261.48,32,0.48,19.54,2207.24,9.470628,10.769205,9.459237,201,0,0,0,NORMAL,1.317,1.3791,A,WORLD_BANK,100,A,100
132,2026-07-29T17:36:19.267+05:30,2026-07-29T12:06:19.267Z,30.645914,76.695243,30.6459,76.695034,34.443,264,261.5,32,0.48,20,2227.24,9.411081,11.171166,9.390005,201,0,0,0,NORMAL,2.219,1.3791,B,WORLD_BANK,100,B,100
133,2026-07-29T17:36:20.271+05:30,2026-07-29T12:06:20.271Z,30.6459,76.695034,30.645892,76.694929,35.639,264,261.35,31,0.47,10.15,2237.39,9.432076,10.424667,9.421565,101,0,0,0,NORMAL,2.2105,1.3791,B,WORLD_BANK,100,B,99.5
134,2026-07-29T17:36:21.276+05:30,2026-07-29T12:06:21.276Z,30.645892,76.694929,30.645887,76.694819,35.498,265,261.26,32,0.47,10.46,2247.85,9.390466,10.080129,9.383971,100,0,0,0,NORMAL,1.2185,1.3791,A,WORLD_BANK,100,A,99.5
135,2026-07-29T17:36:22.270+05:30,2026-07-29T12:06:22.270Z,30.645887,76.694819,30.645885,76.694713,35.657,267,261.63,32,0.47,10.21,2258.06,9.391511,10.348103,9.379872,101,0,0,0,NORMAL,1.4762,1.3354,A,WORLD_BANK,100,A,100
136,2026-07-29T17:36:23.267+05:30,2026-07-29T12:06:23.267Z,30.645885,76.694713,30.645879,76.694608,36.231,266,261.71,32,0.48,10.08,2268.14,9.450529,10.520372,9.439863,100,0,0,0,NORMAL,1.1998,1.3354,A,WORLD_BANK,100,A,100
137,2026-07-29T17:36:24.276+05:30,2026-07-29T12:06:24.276Z,30.645879,76.694608,30.645872,76.6945,37.175,264,261.84,32,0.48,10.37,2278.51,9.365557,10.080129,9.357556,100,0,0,0,NORMAL,1.1872,1.3354,A,WORLD_BANK,100,A,100
138,2026-07-29T17:36:25.278+05:30,2026-07-29T12:06:25.278Z,30.645872,76.6945,30.645858,76.69439,38.072,263,261.57,32,0.48,10.62,2289.13,9.71119,10.750064,9.704511,101,0,0,0,NORMAL,1.1157,1.3354,A,WORLD_BANK,100,A,100
139,2026-07-29T17:36:26.271+05:30,2026-07-29T12:06:26.271Z,30.645858,76.69439,30.645846,76.694276,38.829,264,261.57,32,0.48,10.94,2300.07,9.646452,10.635218,9.630412,99,0,0,0,NORMAL,1.364,1.3354,A,WORLD_BANK,100,A,99.9
140,2026-07-29T17:36:27.274+05:30,2026-07-29T12:06:27.274Z,30.645846,76.694276,30.645838,76.694162,39.612,265,261.42,32,0.48,11.01,2311.07,9.393395,10.252398,9.387799,100,0,0,0,NORMAL,1.4936,1.4526,A,WORLD_BANK,100,A,99.9
141,2026-07-29T17:36:28.277+05:30,2026-07-29T12:06:28.277Z,30.645838,76.694162,30.645831,76.694045,40.213,265,261.43,32,0.48,11.17,2322.24,9.451965,10.462949,9.44317,101,0,0,0,NORMAL,1.3753,1.4526,A,WORLD_BANK,100,A,99.5
142,2026-07-29T17:36:29.278+05:30,2026-07-29T12:06:29.278Z,30.645831,76.694045,30.64582,76.693927,40.637,264,261.61,31,0.49,11.37,2333.61,9.659092,10.960615,9.649839,100,0,0,0,NORMAL,1.107,1.4526,A,WORLD_BANK,100,A,99.5
143,2026-07-29T17:36:30.280+05:30,2026-07-29T12:06:30.280Z,30.64582,76.693927,30.645808,76.693807,40.94,264,261.72,32,0.48,11.52,2345.14,9.577215,10.48209,9.569955,101,0,0,0,NORMAL,1.2503,1.4526,A,WORLD_BANK,100,A,100
144,2026-07-29T17:36:31.278+05:30,2026-07-29T12:06:31.278Z,30.645808,76.693807,30.645797,76.693688,41.29,264,261.48,32,0.48,11.46,2356.6,9.383544,10.156693,9.373826,100,0,0,0,NORMAL,1.3802,1.4526,A,WORLD_BANK,100,A,100
145,2026-07-29T17:36:32.274+05:30,2026-07-29T12:06:32.274Z,30.645797,76.693688,30.645787,76.693567,41.58,264,261.25,32,0.48,11.62,2368.22,9.569828,10.730923,9.558963,101,0,0,0,NORMAL,1.3912,1.314,A,WORLD_BANK,100,A,100
146,2026-07-29T17:36:33.277+05:30,2026-07-29T12:06:33.277Z,30.645787,76.693567,30.645778,76.693443,42.006,264,260.9,32,0.48,11.88,2380.1,9.385497,10.6735,9.372102,101,0,0,0,NORMAL,1.2097,1.314,A,WORLD_BANK,100,A,100
147,2026-07-29T17:36:34.272+05:30,2026-07-29T12:06:34.272Z,30.645778,76.693443,30.645772,76.693318,42.274,265,260.57,32,0.48,12.01,2392.1,9.59386,10.788346,9.579783,100,0,0,0,NORMAL,1.3886,1.314,A,WORLD_BANK,100,A,100
148,2026-07-29T17:36:35.274+05:30,2026-07-29T12:06:35.274Z,30.645772,76.693318,30.645767,76.693193,42.557,265,260.44,31,0.49,12,2404.1,9.395531,10.309821,9.383851,101,0,0,0,NORMAL,1.812,1.314,A,WORLD_BANK,100,A,100
149,2026-07-29T17:36:36.270+05:30,2026-07-29T12:06:36.270Z,30.645767,76.693193,30.645764,76.693065,42.716,266,261.07,32,0.48,12.22,2416.33,9.599042,10.348103,9.592416,100,0,0,0,NORMAL,1.42,1.314,A,WORLD_BANK,100,A,99.9
150,2026-07-29T17:36:37.271+05:30,2026-07-29T12:06:37.271Z,30.645764,76.693065,30.645762,76.692937,43.066,267,261.55,32,0.48,12.28,2428.61,9.311359,10.309821,9.296879,100,0,0,0,NORMAL,1.5104,1.4537,A,WORLD_BANK,100,A,99.9
151,2026-07-29T17:36:38.269+05:30,2026-07-29T12:06:38.269Z,30.645762,76.692937,30.64576,76.692809,43.362,267,261.76,32,0.48,12.24,2440.85,9.411756,10.386385,9.402803,101,0,0,0,NORMAL,1.4202,1.4537,A,WORLD_BANK,100,A,100
152,2026-07-29T17:36:39.268+05:30,2026-07-29T12:06:39.268Z,30.64576,76.692809,30.645756,76.69268,43.59,267,261.87,32,0.48,12.29,2453.14,9.394056,10.328962,9.385502,100,0,0,0,NORMAL,1.2978,1.4537,A,WORLD_BANK,100,A,100
153,2026-07-29T17:36:40.270+05:30,2026-07-29T12:06:40.270Z,30.645756,76.69268,30.645748,76.692553,43.636,267,261.72,32,0.48,12.21,2465.35,9.604442,11.094602,9.583611,100,0,0,0,NORMAL,0.975,1.4537,A,WORLD_BANK,100,A,99.4
154,2026-07-29T17:36:41.291+05:30,2026-07-29T12:06:41.291Z,30.645748,76.692553,30.64574,76.692425,43.805,266,261.6,32,0.48,12.25,2477.6,9.268282,10.29068,9.260511,100,0,0,0,NORMAL,1.0675,1.4537,A,WORLD_BANK,100,A,99.4
155,2026-07-29T17:36:42.281+05:30,2026-07-29T12:06:42.281Z,30.64574,76.692425,30.645734,76.692298,43.817,266,261.38,32,0.48,12.24,2489.84,9.182657,10.539513,9.172542,101,0,0,0,NORMAL,0.9427,1.2337,A,WORLD_BANK,100,A,100
156,2026-07-29T17:36:43.273+05:30,2026-07-29T12:06:43.273Z,30.645734,76.692298,30.645728,76.69217,43.93,266,261.33,32,0.48,12.23,2502.06,9.403917,10.348103,9.396795,100,0,0,0,NORMAL,0.8284,1.2337,A,WORLD_BANK,100,A,100
157,2026-07-29T17:36:44.278+05:30,2026-07-29T12:06:44.278Z,30.645728,76.69217,30.645722,76.692041,44.221,267,261.24,32,0.48,12.34,2514.41,9.487487,10.233257,9.481781,100,0,0,0,NORMAL,1.6184,1.2337,A,WORLD_BANK,100,A,100
158,2026-07-29T17:36:45.272+05:30,2026-07-29T12:06:45.272Z,30.645722,76.692041,30.64572,76.691914,44.41,267,261.33,32,0.48,12.15,2526.56,9.768149,10.654359,9.762313,101,0,0,0,NORMAL,1.9116,1.2337,A,WORLD_BANK,100,A,100
159,2026-07-29T17:36:46.277+05:30,2026-07-29T12:06:46.277Z,30.64572,76.691914,30.645716,76.691783,44.487,267,261.21,32,0.48,12.51,2539.07,9.388388,10.788346,9.375702,101,0,0,0,NORMAL,1.5707,1.2337,A,WORLD_BANK,100,A,100
160,2026-07-29T17:36:47.275+05:30,2026-07-29T12:06:47.275Z,30.645716,76.691783,30.645713,76.691653,44.687,268,261.16,32,0.48,12.47,2551.54,9.49899,10.596936,9.489629,100,0,0,0,NORMAL,1.0359,1.3003,A,WORLD_BANK,100,A,100
161,2026-07-29T17:36:48.274+05:30,2026-07-29T12:06:48.274Z,30.645713,76.691653,30.645713,76.691522,44.733,269,261.07,32,0.48,12.58,2564.12,9.576095,11.037179,9.562753,101,0,0,0,NORMAL,0.9245,1.3003,A,WORLD_BANK,100,A,100
162,2026-07-29T17:36:49.274+05:30,2026-07-29T12:06:49.274Z,30.645713,76.691522,30.645713,76.691393,44.175,269,260.97,32,0.48,12.35,2576.47,9.311394,9.984424,9.301856,100,0,0,0,NORMAL,1.2909,1.3003,A,WORLD_BANK,100,A,100
163,2026-07-29T17:36:50.270+05:30,2026-07-29T12:06:50.270Z,30.645713,76.691393,30.645714,76.691264,43.09,269,260.73,32,0.48,12.31,2588.78,9.401015,10.48209,9.391053,101,0,0,0,NORMAL,1.481,1.3003,A,WORLD_BANK,100,A,100
164,2026-07-29T17:36:51.275+05:30,2026-07-29T12:06:51.275Z,30.645714,76.691264,30.645719,76.691143,41.314,269,261.03,32,0.48,11.57,2600.35,9.404022,10.214116,9.396221,100,0,0,0,NORMAL,0.7774,1.3003,A,WORLD_BANK,100,A,100
165,2026-07-29T17:36:52.278+05:30,2026-07-29T12:06:52.278Z,30.645719,76.691143,30.645721,76.691026,40.059,270,261.31,32,0.48,11.21,2611.56,9.754967,10.539513,9.749615,101,0,0,0,NORMAL,1.103,1.2292,A,WORLD_BANK,100,A,100
166,2026-07-29T17:36:53.272+05:30,2026-07-29T12:06:53.272Z,30.645721,76.691026,30.645723,76.690909,39.456,270,261.24,32,0.48,11.21,2622.77,9.591493,11.113743,9.576146,100,0,0,0,NORMAL,1.3558,1.2292,A,WORLD_BANK,100,A,100
167,2026-07-29T17:36:54.272+05:30,2026-07-29T12:06:54.272Z,30.645723,76.690909,30.645726,76.690799,38.988,270,261.05,32,0.48,10.46,2633.23,9.151467,9.90786,9.145091,100,0,0,0,NORMAL,1.7118,1.2292,A,WORLD_BANK,100,A,99.4
168,2026-07-29T17:36:55.284+05:30,2026-07-29T12:06:55.284Z,30.645726,76.690799,30.64573,76.69069,38.129,270,261.06,32,0.48,10.5,2643.74,9.685372,11.171166,9.668313,101,0,0,0,NORMAL,2.1399,1.2292,B,WORLD_BANK,100,B,99.4
169,2026-07-29T17:36:56.280+05:30,2026-07-29T12:06:56.280Z,30.64573,76.69069,30.645732,76.690585,36.973,270,261.28,32,0.48,10.01,2653.74,9.552833,10.367244,9.542458,100,0,0,0,NORMAL,2.2931,1.2292,B,WORLD_BANK,100,B,99.9
170,2026-07-29T17:36:58.277+05:30,2026-07-29T12:06:58.277Z,30.645732,76.690585,30.645734,76.690381,35.659,271,261.36,32,0.48,19.56,2673.3,9.36445,10.960615,9.349248,201,0,0,0,NORMAL,1.2875,1.507,A,WORLD_BANK,100,A,99.5
171,2026-07-29T17:37:00.279+05:30,2026-07-29T12:07:00.279Z,30.645734,76.690381,30.645739,76.690184,34.85,271,261.8,32,0.48,18.88,2692.18,9.439951,10.654359,9.433067,200,0,0,0,NORMAL,1.2267,1.507,A,WORLD_BANK,100,A,99.5
172,2026-07-29T17:37:02.251+05:30,2026-07-29T12:07:02.251Z,30.645739,76.690184,30.645745,76.689988,34.753,271,261.97,32,0.48,18.7,2710.89,9.492078,11.477422,9.471331,201,0,0,0,NORMAL,2.0732,1.7629,B,WORLD_BANK,100,B,100
173,2026-07-29T17:37:04.270+05:30,2026-07-29T12:07:04.270Z,30.645745,76.689988,30.645747,76.689793,34.622,271,262.07,32,0.48,18.7,2729.59,9.540488,10.616077,9.532314,200,0,0,0,NORMAL,2.0544,1.7629,B,WORLD_BANK,100,B,100
174,2026-07-29T17:37:06.273+05:30,2026-07-29T12:07:06.273Z,30.645747,76.689793,30.645749,76.689594,34.623,271,262.24,32,0.48,19,2748.59,9.578235,10.826628,9.568179,201,0,0,0,NORMAL,1.0283,1.7629,A,WORLD_BANK,100,A,99.5
175,2026-07-29T17:37:08.271+05:30,2026-07-29T12:07:08.271Z,30.645749,76.689594,30.645755,76.689393,34.602,271,262.12,32,0.48,19.27,2767.86,9.631623,10.86491,9.622659,100,0,0,0,NORMAL,1.3072,1.4464,A,WORLD_BANK,100,A,100
176,2026-07-29T17:37:10.269+05:30,2026-07-29T12:07:10.269Z,30.645755,76.689393,30.64577,76.689195,34.847,273,262.25,32,0.48,18.99,2786.85,9.659338,10.884051,9.64998,201,0,0,0,NORMAL,1.0383,1.4464,A,WORLD_BANK,100,A,99.9
177,2026-07-29T17:37:12.291+05:30,2026-07-29T12:07:12.291Z,30.64577,76.689195,30.645787,76.688994,35.129,274,262.5,32,0.48,19.3,2806.15,9.4937,11.152025,9.475956,202,0,0,0,NORMAL,2.0216,1.473,B,WORLD_BANK,80,B,100
178,2026-07-29T17:37:14.271+05:30,2026-07-29T12:07:14.271Z,30.645787,76.688994,30.6458,76.68879,35.451,274,262.47,32,0.48,19.55,2825.7,9.680348,10.539513,9.67074,201,0,0,0,NORMAL,2.1775,1.473,B,WORLD_BANK,80,B,99.4
179,2026-07-29T17:37:15.273+05:30,2026-07-29T12:07:15.273Z,30.6458,76.68879,30.645806,76.688685,35.802,274,262.73,32,0.48,10.09,2835.78,9.494917,10.960615,9.483915,101,0,0,0,NORMAL,1.4478,1.473,A,WORLD_BANK,80,A,99.4
180,2026-07-29T17:37:16.274+05:30,2026-07-29T12:07:16.274Z,30.645806,76.688685,30.645812,76.688581,35.99,274,262.46,32,0.48,10.01,2845.8,9.385866,10.654359,9.373618,101,0,0,0,NORMAL,1.1716,1.473,A,WORLD_BANK,80,A,100
181,2026-07-29T17:37:18.275+05:30,2026-07-29T12:07:18.275Z,30.645812,76.688581,30.64583,76.688371,36.352,275,262.13,32,0.48,20.18,2865.98,9.591292,10.979756,9.580749,201,0,0,0,NORMAL,1.2769,1.4093,A,WORLD_BANK,100,A,99.9
182,2026-07-29T17:37:19.275+05:30,2026-07-29T12:07:19.275Z,30.64583,76.688371,30.645843,76.688265,36.597,276,262.17,32,0.48,10.22,2876.19,9.80357,10.711782,9.794151,101,0,0,0,NORMAL,1.0348,1.4093,A,WORLD_BANK,100,A,99.9
183,2026-07-29T17:37:20.272+05:30,2026-07-29T12:07:20.272Z,30.645843,76.688265,30.645854,76.688158,36.74,276,262.15,32,0.48,10.31,2886.51,9.613232,10.424667,9.606152,101,0,0,0,NORMAL,1.1047,1.4093,A,WORLD_BANK,100,A,100
184,2026-07-29T17:37:21.276+05:30,2026-07-29T12:07:21.276Z,30.645854,76.688158,30.645864,76.688051,36.773,276,262.05,32,0.48,10.32,2896.83,9.755068,10.884051,9.746583,101,0,0,0,NORMAL,1.0911,1.4093,A,WORLD_BANK,100,A,100
185,2026-07-29T17:37:22.270+05:30,2026-07-29T12:07:22.270Z,30.645864,76.688051,30.645874,76.687943,36.827,276,262,32,0.48,10.37,2907.21,9.835422,10.711782,9.827506,101,0,0,0,NORMAL,1.3879,1.3238,A,WORLD_BANK,100,A,100
186,2026-07-29T17:37:23.275+05:30,2026-07-29T12:07:23.275Z,30.645874,76.687943,30.645883,76.687834,36.906,276,261.96,32,0.48,10.44,2917.65,9.6652,10.750064,9.653152,101,0,0,0,NORMAL,1.5445,1.3238,A,WORLD_BANK,100,A,100
187,2026-07-29T17:37:24.272+05:30,2026-07-29T12:07:24.272Z,30.645883,76.687834,30.645895,76.687729,37.086,276,261.83,32,0.48,10.22,2927.86,9.656141,11.266871,9.641023,101,0,0,0,NORMAL,1.5634,1.3238,A,WORLD_BANK,100,A,99.9
188,2026-07-29T17:37:25.273+05:30,2026-07-29T12:07:25.273Z,30.645895,76.687729,30.645906,76.687621,37.232,276,261.67,32,0.48,10.35,2938.22,9.669605,10.86491,9.658644,100,0,0,0,NORMAL,1.3935,1.3238,A,WORLD_BANK,100,A,99.9
189,2026-07-29T17:37:26.271+05:30,2026-07-29T12:07:26.271Z,30.645906,76.687621,30.645919,76.687514,37.415,276,261.72,32,0.48,10.34,2948.56,9.385152,10.424667,9.373807,101,0,0,0,NORMAL,1.1764,1.3238,A,WORLD_BANK,100,A,99.9
190,2026-07-29T17:37:27.271+05:30,2026-07-29T12:07:27.271Z,30.645919,76.687514,30.645933,76.687406,37.495,277,261.7,32,0.48,10.44,2959,9.289056,10.194975,9.27886,101,0,0,0,NORMAL,1.1641,1.2137,A,WORLD_BANK,100,A,99.9
191,2026-07-29T17:37:28.269+05:30,2026-07-29T12:07:28.269Z,30.645933,76.687406,30.645946,76.687299,37.657,277,262.05,32,0.48,10.37,2969.38,9.508066,10.424667,9.494606,100,0,0,0,NORMAL,1.2133,1.2137,A,WORLD_BANK,100,A,99.5
192,2026-07-29T17:37:29.271+05:30,2026-07-29T12:07:29.271Z,30.645946,76.687299,30.645959,76.68719,37.72,277,262.42,32,0.48,10.48,2979.86,9.385025,11.24773,9.358646,101,0,0,0,NORMAL,1.5102,1.2137,A,WORLD_BANK,100,A,99.5
193,2026-07-29T17:37:30.276+05:30,2026-07-29T12:07:30.276Z,30.645959,76.68719,30.645973,76.687081,37.756,277,262.56,32,0.48,10.54,2990.4,9.15066,10.080129,9.142789,101,0,0,0,NORMAL,1.5462,1.2137,A,WORLD_BANK,100,A,100
194,2026-07-29T17:37:31.266+05:30,2026-07-29T12:07:31.266Z,30.645973,76.687081,30.645984,76.686972,37.833,277,262.4,32,0.48,10.48,3000.88,9.614391,11.094602,9.603327,100,0,0,0,NORMAL,1.5027,1.2137,A,WORLD_BANK,100,A,100
195,2026-07-29T17:37:32.270+05:30,2026-07-29T12:07:32.270Z,30.645984,76.686972,30.645994,76.686863,37.343,276,261.85,32,0.48,10.49,3011.36,9.548818,10.462949,9.535274,101,0,0,0,NORMAL,1.3489,1.3663,A,WORLD_BANK,100,A,99.9
196,2026-07-29T17:37:33.266+05:30,2026-07-29T12:07:33.266Z,30.645994,76.686863,30.646001,76.686757,36.573,276,261.63,32,0.48,10.22,3021.58,9.684077,10.692641,9.676273,101,0,0,0,NORMAL,1.1585,1.3663,A,WORLD_BANK,100,A,99.9
197,2026-07-29T17:37:35.268+05:30,2026-07-29T12:07:35.268Z,30.646001,76.686757,30.64602,76.686554,34.423,277,261.33,32,0.48,19.5,3041.07,9.699346,11.286012,9.681311,201,0,0,0,NORMAL,1.0471,1.3663,A,WORLD_BANK,100,A,100
198,2026-07-29T17:37:37.266+05:30,2026-07-29T12:07:37.266Z,30.64602,76.686554,30.646036,76.686399,24.684,277,261.57,32,0.48,14.95,3056.03,9.505032,10.405526,9.496613,202,0,0,0,NORMAL,1.1007,1.32,A,WORLD_BANK,100,A,99.9
199,2026-07-29T17:37:40.272+05:30,2026-07-29T12:07:40.272Z,30.646036,76.686399,30.64606,76.686279,15.301,281,262.32,32,0.48,11.86,3067.88,9.63629,10.903192,9.619351,302,0,0,0,NORMAL,1.3066,1.32,A,WORLD_BANK,100,A,100
200,2026-07-29T17:37:53.281+05:30,2026-07-29T12:07:53.281Z,30.64606,76.686279,30.646134,76.686305,5.222,37,265.9,32,0.48,11.13,3079.01,9.504285,12.109075,9.4886,1309,0,0,0,NORMAL,1.0743,1.2501,A,WORLD_BANK,64,A,100
201,2026-07-29T17:37:56.286+05:30,2026-07-29T12:07:56.286Z,30.646134,76.686305,30.646163,76.686404,10.162,84,264.5,32,0.48,10.09,3089.1,9.598942,10.941474,9.585379,302,0,0,0,NORMAL,1.197,1.2501,A,WORLD_BANK,64,A,99.9
202,2026-07-29T17:37:59.284+05:30,2026-07-29T12:07:59.284Z,30.646163,76.686404,30.646164,76.686543,15.247,94,264.5,32,0.48,13.32,3102.42,9.436277,10.462949,9.429777,303,0,0,0,NORMAL,1.1916,1.2298,A,WORLD_BANK,72.09,A,99.9
203,2026-07-29T17:38:02.277+05:30,2026-07-29T12:08:02.277Z,30.646164,76.686543,30.646148,76.68669,15.953,97,264.5,31,0.49,14.19,3116.62,9.695047,13.774342,9.648506,302,0,0,0,NORMAL,2.5896,1.4986,B,WORLD_BANK,73.6,B,99.9
204,2026-07-29T17:38:05.278+05:30,2026-07-29T12:08:05.278Z,30.646148,76.68669,30.646147,76.686814,13.381,94,264.5,32,0.47,11.85,3128.46,9.570435,11.573127,9.548729,303,0,0,0,NORMAL,2.4673,1.4986,B,WORLD_BANK,73.6,B,100
205,2026-07-29T17:38:10.276+05:30,2026-07-29T12:08:10.276Z,30.646147,76.686814,30.646123,76.686931,8.867,96,264.5,32,0.47,11.58,3140.04,9.539448,10.769205,9.531079,504,0,0,0,NORMAL,1.754,1.5866,A,WORLD_BANK,73.6,A,100
206,2026-07-29T17:38:14.297+05:30,2026-07-29T12:08:14.297Z,30.646123,76.686931,30.646106,76.687078,14.497,95,264.5,32,0.48,14.14,3154.18,9.546481,10.86491,9.538339,403,0,0,0,NORMAL,1.128,1.5122,A,WORLD_BANK,67.84,A,100
207,2026-07-29T17:38:16.270+05:30,2026-07-29T12:08:16.270Z,30.646106,76.687078,30.646094,76.68722,23.674,96,264.5,31,0.48,13.71,3167.89,9.401391,10.09927,9.396549,202,0,0,0,NORMAL,0.7302,1.5122,A,WORLD_BANK,67.84,A,99.9
208,2026-07-29T17:38:18.267+05:30,2026-07-29T12:08:18.267Z,30.646094,76.68722,30.646076,76.687375,25.353,96,264.5,30,0.5,14.92,3182.81,9.564147,11.094602,9.545133,201,0,0,0,NORMAL,1.0356,1.4343,A,WORLD_BANK,100,A,99.9
209,2026-07-29T17:38:20.268+05:30,2026-07-29T12:08:20.268Z,30.646076,76.687375,30.646053,76.687545,28.758,97,264.5,31,0.48,16.48,3199.29,9.490807,13.697778,9.427629,202,0,0,0,NORMAL,1.9353,1.4343,A,WORLD_BANK,100,A,100
210,2026-07-29T17:38:22.271+05:30,2026-07-29T12:08:22.271Z,30.646053,76.687545,30.646032,76.687741,33.017,96,264.5,31,0.48,18.89,3218.18,9.533054,10.826628,9.520681,202,0,0,0,NORMAL,1.3177,1.6697,A,WORLD_BANK,100,A,99.9
211,2026-07-29T17:38:23.271+05:30,2026-07-29T12:08:23.271Z,30.646032,76.687741,30.646022,76.687848,35.722,96,264.5,31,0.48,10.31,3228.49,9.609025,10.520372,9.601225,101,0,0,0,NORMAL,1.1581,1.6697,A,WORLD_BANK,100,A,99.9
212,2026-07-29T17:38:24.271+05:30,2026-07-29T12:08:24.271Z,30.646022,76.687848,30.646011,76.687957,35.851,96,264.5,32,0.47,10.48,3238.97,9.440118,10.596936,9.42744,101,0,0,0,NORMAL,0.724,1.6697,A,WORLD_BANK,100,A,100
213,2026-07-29T17:38:25.272+05:30,2026-07-29T12:08:25.272Z,30.646011,76.687957,30.646001,76.688064,35.868,96,264.5,32,0.47,10.31,3249.28,9.398611,10.09927,9.390287,100,0,0,0,NORMAL,1.6802,1.6697,A,WORLD_BANK,100,A,100
214,2026-07-29T17:38:26.273+05:30,2026-07-29T12:08:26.273Z,30.646001,76.688064,30.645993,76.68817,36.438,95,264.5,32,0.47,10.2,3259.48,9.602472,11.018038,9.585874,101,0,0,0,NORMAL,1.6244,1.6697,A,WORLD_BANK,100,A,99.9
215,2026-07-29T17:38:27.271+05:30,2026-07-29T12:08:27.271Z,30.645993,76.68817,30.645985,76.688277,36.999,95,264.5,32,0.47,10.24,3269.72,9.350966,12.5876,9.247401,101,0,0,0,NORMAL,1.8941,1.576,A,WORLD_BANK,100,A,99.9
216,2026-07-29T17:38:28.275+05:30,2026-07-29T12:08:28.275Z,30.645985,76.688277,30.645973,76.688388,37.541,96,264.5,32,0.47,10.74,3280.46,9.876379,12.721587,9.820873,101,0,0,0,NORMAL,1.845,1.576,A,WORLD_BANK,100,A,100
217,2026-07-29T17:38:29.272+05:30,2026-07-29T12:08:29.272Z,30.645973,76.688388,30.645959,76.6885,38.288,97,264.5,32,0.47,10.83,3291.28,9.37301,13.123548,9.20855,101,0,0,0,NORMAL,1.9502,1.576,A,WORLD_BANK,100,A,100
218,2026-07-29T17:38:30.279+05:30,2026-07-29T12:08:30.279Z,30.645959,76.6885,30.645945,76.688614,39.058,97,264.5,32,0.47,10.96,3302.24,9.578628,10.730923,9.55356,100,0,0,0,NORMAL,2.2157,1.576,B,WORLD_BANK,100,B,99.9
219,2026-07-29T17:38:31.271+05:30,2026-07-29T12:08:31.271Z,30.645945,76.688614,30.645934,76.68873,39.778,97,264.5,32,0.47,11.18,3313.42,9.404246,10.137552,9.398255,101,0,0,0,NORMAL,2.0676,1.576,B,WORLD_BANK,100,B,99.9
220,2026-07-29T17:38:32.270+05:30,2026-07-29T12:08:32.270Z,30.645934,76.68873,30.645922,76.688849,40.479,96,264.5,32,0.47,11.51,3324.94,9.555343,11.209448,9.526177,101,0,0,0,NORMAL,1.4618,1.5513,A,WORLD_BANK,100,A,99.9
221,2026-07-29T17:38:33.273+05:30,2026-07-29T12:08:33.273Z,30.645922,76.688849,30.64591,76.68897,41.142,96,264.5,32,0.48,11.59,3336.53,9.58934,11.687973,9.528641,101,0,0,0,NORMAL,1.6623,1.5513,A,WORLD_BANK,100,A,99.9
222,2026-07-29T17:38:34.273+05:30,2026-07-29T12:08:34.273Z,30.64591,76.68897,30.6459,76.689093,41.736,96,264.5,31,0.49,11.88,3348.41,9.482718,11.515704,9.434073,101,0,0,0,NORMAL,3.4577,1.5513,B,WORLD_BANK,100,B,99.9
223,2026-07-29T17:38:35.270+05:30,2026-07-29T12:08:35.270Z,30.6459,76.689093,30.64589,76.68922,42.637,94,264.5,32,0.48,12.17,3360.58,9.223111,10.462949,9.203244,101,0,0,0,NORMAL,3.8427,1.5513,B,WORLD_BANK,100,B,99.9
224,2026-07-29T17:38:36.271+05:30,2026-07-29T12:08:36.271Z,30.64589,76.68922,30.645882,76.689348,43.305,94,264.5,31,0.5,12.3,3372.88,9.496824,12.01337,9.354685,100,0,0,0,NORMAL,2.3836,1.5513,B,WORLD_BANK,100,B,99.9
225,2026-07-29T17:38:37.275+05:30,2026-07-29T12:08:37.275Z,30.645882,76.689348,30.645871,76.689477,43.721,95,264.5,32,0.48,12.36,3385.24,9.819597,11.82196,9.777663,101,0,0,0,NORMAL,3.514,2.5293,B,WORLD_BANK,100,B,99.9
226,2026-07-29T17:38:38.271+05:30,2026-07-29T12:08:38.271Z,30.645871,76.689477,30.64586,76.689607,44.015,95,264.5,31,0.5,12.55,3397.79,9.48969,10.86491,9.469702,101,0,0,0,NORMAL,3.1958,2.5293,B,WORLD_BANK,100,B,99.9
227,2026-07-29T17:38:39.273+05:30,2026-07-29T12:08:39.273Z,30.64586,76.689607,30.645855,76.689741,43.403,94,264.5,32,0.48,12.8,3410.59,9.278534,11.152025,9.245127,101,0,0,0,NORMAL,1.8749,2.5293,A,WORLD_BANK,100,A,99.9
228,2026-07-29T17:38:40.280+05:30,2026-07-29T12:08:40.280Z,30.645855,76.689741,30.645854,76.689869,41.993,92,264.5,32,0.48,12.21,3422.8,9.525065,10.596936,9.506089,101,0,0,0,NORMAL,1.8786,2.5293,A,WORLD_BANK,100,A,100
229,2026-07-29T17:38:41.278+05:30,2026-07-29T12:08:41.278Z,30.645854,76.689869,30.645852,76.689991,41.194,92,264.5,32,0.48,11.73,3434.53,9.76741,10.788346,9.752627,100,0,0,0,NORMAL,0.9614,2.5293,A,WORLD_BANK,100,A,100
230,2026-07-29T17:38:42.272+05:30,2026-07-29T12:08:42.272Z,30.645852,76.689991,30.64585,76.690112,41.292,92,264.5,32,0.48,11.52,3446.05,9.405723,10.156693,9.399092,100,0,0,0,NORMAL,1.7794,2.423,A,WORLD_BANK,100,A,99.5
231,2026-07-29T17:38:43.274+05:30,2026-07-29T12:08:43.274Z,30.64585,76.690112,30.64585,76.690232,41.699,91,264.5,32,0.48,11.55,3457.59,9.697022,10.730923,9.686696,101,0,0,0,NORMAL,1.9201,2.423,A,WORLD_BANK,100,A,99.5
232,2026-07-29T17:38:44.276+05:30,2026-07-29T12:08:44.276Z,30.64585,76.690232,30.645849,76.690352,41.947,90,264.5,32,0.48,11.43,3469.03,9.376091,10.462949,9.368311,101,0,0,0,NORMAL,1.6025,2.423,A,WORLD_BANK,100,A,99.9
233,2026-07-29T17:38:45.290+05:30,2026-07-29T12:08:45.290Z,30.645849,76.690352,30.64585,76.690475,42.389,90,264.5,32,0.48,11.78,3480.8,9.391829,11.094602,9.367553,101,0,0,0,NORMAL,1.0634,2.423,A,WORLD_BANK,100,A,99.9
234,2026-07-29T17:38:46.274+05:30,2026-07-29T12:08:46.274Z,30.64585,76.690475,30.645849,76.690599,42.665,91,264.5,32,0.47,11.85,3492.66,9.775141,11.24773,9.749426,101,0,0,0,NORMAL,1.3046,2.423,A,WORLD_BANK,100,A,99.9
235,2026-07-29T17:38:47.273+05:30,2026-07-29T12:08:47.273Z,30.645849,76.690599,30.645844,76.690721,42.265,91,264.5,32,0.47,11.72,3504.38,9.566262,10.520372,9.5565,101,0,0,0,NORMAL,0.9354,1.398,A,WORLD_BANK,100,A,99.9
236,2026-07-29T17:38:48.277+05:30,2026-07-29T12:08:48.277Z,30.645844,76.690721,30.645842,76.690844,41.425,91,264.5,32,0.47,11.78,3516.16,9.544362,10.692641,9.536221,101,0,0,0,NORMAL,0.7166,1.398,A,WORLD_BANK,100,A,100
237,2026-07-29T17:38:49.262+05:30,2026-07-29T12:08:49.262Z,30.645842,76.690844,30.645841,76.690962,40.49,91,264.5,32,0.47,11.31,3527.46,9.615846,10.596936,9.605584,101,0,0,0,NORMAL,0.9925,1.398,A,WORLD_BANK,100,A,100
238,2026-07-29T17:38:50.269+05:30,2026-07-29T12:08:50.269Z,30.645841,76.690962,30.645839,76.691077,39.924,91,264.5,32,0.47,10.94,3538.4,9.279606,10.022706,9.27257,100,0,0,0,NORMAL,1.5273,1.398,A,WORLD_BANK,100,A,99.9
239,2026-07-29T17:38:51.273+05:30,2026-07-29T12:08:51.273Z,30.645839,76.691077,30.645841,76.691191,39.278,91,264.5,32,0.48,10.92,3549.32,9.578453,10.520372,9.564838,101,0,0,0,NORMAL,2.0024,1.398,B,WORLD_BANK,100,B,99.9
240,2026-07-29T17:38:52.275+05:30,2026-07-29T12:08:52.275Z,30.645841,76.691191,30.645838,76.691305,38.686,90,264.5,32,0.48,10.91,3560.23,9.535133,10.194975,9.530591,100,0,0,0,NORMAL,0.7523,1.2103,A,WORLD_BANK,100,A,100
241,2026-07-29T17:38:53.280+05:30,2026-07-29T12:08:53.280Z,30.645838,76.691305,30.645838,76.691417,38.422,90,264.5,32,0.48,10.74,3570.97,9.371662,10.386385,9.363573,101,0,0,0,NORMAL,0.7918,1.2103,A,WORLD_BANK,100,A,100
242,2026-07-29T17:38:54.279+05:30,2026-07-29T12:08:54.279Z,30.645838,76.691417,30.645839,76.691527,38.181,90,264.5,32,0.48,10.49,3581.46,9.551098,10.616077,9.542286,101,0,0,0,NORMAL,1.17,1.2103,A,WORLD_BANK,100,A,100
243,2026-07-29T17:38:55.280+05:30,2026-07-29T12:08:55.280Z,30.645839,76.691527,30.645839,76.691636,38.192,90,264.5,32,0.48,10.45,3591.91,9.745751,10.730923,9.738434,101,0,0,0,NORMAL,1.2221,1.2103,A,WORLD_BANK,100,A,100
244,2026-07-29T17:38:56.286+05:30,2026-07-29T12:08:56.286Z,30.645839,76.691636,30.645839,76.691745,38.155,90,264.5,32,0.48,10.47,3602.37,9.451842,10.6735,9.440895,101,0,0,0,NORMAL,1.0631,1.2103,A,WORLD_BANK,100,A,100
245,2026-07-29T17:38:57.280+05:30,2026-07-29T12:08:57.280Z,30.645839,76.691745,30.645841,76.691854,38.037,89,264.5,32,0.48,10.41,3612.78,9.568431,11.649691,9.533947,101,0,0,0,NORMAL,1.9787,1.4172,A,WORLD_BANK,100,A,100
246,2026-07-29T17:38:58.284+05:30,2026-07-29T12:08:58.284Z,30.645841,76.691854,30.645844,76.691963,37.987,89,264.5,32,0.48,10.38,3623.17,9.492893,10.769205,9.481399,100,0,0,0,NORMAL,1.985,1.4172,A,WORLD_BANK,100,A,99.9
247,2026-07-29T17:38:59.282+05:30,2026-07-29T12:08:59.282Z,30.645844,76.691963,30.645847,76.692071,37.922,89,264.5,32,0.48,10.4,3633.56,9.498632,10.348103,9.48979,101,0,0,0,NORMAL,2.3885,1.4172,B,WORLD_BANK,100,B,99.9
248,2026-07-29T17:39:00.289+05:30,2026-07-29T12:09:00.289Z,30.645847,76.692071,30.645848,76.692181,38.079,89,264.5,32,0.48,10.5,3644.07,9.427814,10.750064,9.408471,100,0,0,0,NORMAL,1.9507,1.4172,A,WORLD_BANK,100,A,100
249,2026-07-29T17:39:02.277+05:30,2026-07-29T12:09:02.277Z,30.645852,76.692291,30.645857,76.692401,38.684,88,264.5,32,0.48,10.54,3665.09,9.543841,10.539513,9.533379,101,0,0,0,NORMAL,1.4309,1.4634,A,WORLD_BANK,100,A,99.5
250,2026-07-29T17:39:03.279+05:30,2026-07-29T12:09:03.279Z,30.645857,76.692401,30.645863,76.692514,39.003,87,264.5,32,0.48,10.82,3675.91,9.530609,11.075461,9.487332,100,0,0,0,NORMAL,1.4246,1.4634,A,WORLD_BANK,100,A,99.5
251,2026-07-29T17:39:04.284+05:30,2026-07-29T12:09:04.284Z,30.645863,76.692514,30.645867,76.692627,39.106,87,264.5,32,0.48,10.87,3686.78,9.445813,10.845769,9.406783,101,0,0,0,NORMAL,1.7891,1.4634,A,WORLD_BANK,100,A,99.9
252,2026-07-29T17:39:05.279+05:30,2026-07-29T12:09:05.279Z,30.645867,76.692627,30.645874,76.69274,39.032,87,264.5,32,0.48,10.79,3697.57,9.609568,11.24773,9.5861,100,0,0,0,NORMAL,1.3684,1.4634,A,WORLD_BANK,100,A,99.9
253,2026-07-29T17:39:06.277+05:30,2026-07-29T12:09:06.277Z,30.645874,76.69274,30.64588,76.692851,38.407,86,264.5,32,0.48,10.66,3708.23,9.400799,10.616077,9.369827,101,0,0,0,NORMAL,1.372,1.4634,A,WORLD_BANK,100,A,99.9
254,2026-07-29T17:39:07.278+05:30,2026-07-29T12:09:07.278Z,30.64588,76.692851,30.645887,76.692959,36.79,86,264.5,32,0.48,10.36,3718.59,10.235958,13.870047,9.999017,101,0,0,0,NORMAL,2.2881,1.8442,B,WORLD_BANK,100,B,99.9
255,2026-07-29T17:39:09.276+05:30,2026-07-29T12:09:09.276Z,30.645887,76.692959,30.645896,76.693165,35.897,86,264.5,32,0.48,19.74,3738.33,9.413022,12.262203,9.362865,201,0,0,0,NORMAL,1.1678,1.8442,A,WORLD_BANK,100,A,100
256,2026-07-29T17:39:11.278+05:30,2026-07-29T12:09:11.278Z,30.645896,76.693165,30.645896,76.693373,37.235,88,264.5,32,0.48,19.95,3758.27,9.667659,10.6735,9.659501,202,0,0,0,NORMAL,2.7124,1.8442,B,WORLD_BANK,100,B,99.9
257,2026-07-29T17:39:12.280+05:30,2026-07-29T12:09:12.280Z,30.645896,76.693373,30.645901,76.693484,38.346,88,264.5,32,0.48,10.59,3768.86,9.52533,10.29068,9.520302,101,0,0,0,NORMAL,2.7383,2.0611,B,WORLD_BANK,100,B,100
258,2026-07-29T17:39:13.281+05:30,2026-07-29T12:09:13.281Z,30.645901,76.693484,30.645906,76.693598,38.688,86,264.5,32,0.48,10.99,3779.85,9.458693,10.520372,9.448859,100,0,0,0,NORMAL,2.3571,2.0611,B,WORLD_BANK,100,B,100
259,2026-07-29T17:39:14.279+05:30,2026-07-29T12:09:14.279Z,30.645906,76.693598,30.645916,76.693713,38.888,86,264.5,32,0.48,11.01,3790.87,9.341002,11.305153,9.27488,101,0,0,0,NORMAL,2.4198,2.0611,B,WORLD_BANK,100,B,100
260,2026-07-29T17:39:15.285+05:30,2026-07-29T12:09:15.285Z,30.645916,76.693713,30.645924,76.693827,39.308,85,264.5,32,0.48,10.97,3801.83,9.736253,12.262203,9.689349,101,0,0,0,NORMAL,2.7057,2.0611,B,WORLD_BANK,100,B,100
261,2026-07-29T17:39:16.298+05:30,2026-07-29T12:09:16.298Z,30.645924,76.693827,30.645932,76.693942,39.356,86,264.5,32,0.48,10.98,3812.81,9.466446,10.826628,9.447718,101,0,0,0,NORMAL,1.7523,2.0611,A,WORLD_BANK,100,A,100
262,2026-07-29T17:39:17.282+05:30,2026-07-29T12:09:17.282Z,30.645932,76.693942,30.64594,76.694056,39.352,86,264.5,32,0.48,10.96,3823.77,9.490729,10.386385,9.483121,100,0,0,0,NORMAL,1.3026,2.0441,A,WORLD_BANK,100,A,100
263,2026-07-29T17:39:18.281+05:30,2026-07-29T12:09:18.281Z,30.64594,76.694056,30.645945,76.694169,39.18,86,264.5,32,0.48,10.85,3834.62,9.337812,10.118411,9.332482,100,0,0,0,NORMAL,1.1727,2.0441,A,WORLD_BANK,100,A,99.5
264,2026-07-29T17:39:19.286+05:30,2026-07-29T12:09:19.286Z,30.645945,76.694169,30.645952,76.694282,39.005,86,264.5,32,0.48,10.86,3845.47,9.532404,10.386385,9.524471,101,0,0,0,NORMAL,1.2446,2.0441,A,WORLD_BANK,100,A,99.5
265,2026-07-29T17:39:20.280+05:30,2026-07-29T12:09:20.280Z,30.645952,76.694282,30.645962,76.694396,38.969,85,264.5,32,0.48,10.96,3856.43,9.55377,10.884051,9.541149,101,0,0,0,NORMAL,1.2091,2.0441,A,WORLD_BANK,100,A,99.9
266,2026-07-29T17:39:21.277+05:30,2026-07-29T12:09:21.277Z,30.645962,76.694396,30.645972,76.694511,38.96,84,264.5,32,0.48,11.01,3867.45,9.75843,11.05632,9.749805,101,0,0,0,NORMAL,0.9216,2.0441,A,WORLD_BANK,100,A,99.9
267,2026-07-29T17:39:22.291+05:30,2026-07-29T12:09:22.291Z,30.645972,76.694511,30.645983,76.694622,38.882,83,264.5,32,0.48,10.68,3878.13,9.480113,10.711782,9.464774,101,0,0,0,NORMAL,1.4681,1.5212,A,WORLD_BANK,100,A,100
268,2026-07-29T17:39:23.284+05:30,2026-07-29T12:09:23.284Z,30.645983,76.694622,30.645997,76.694734,38.995,82,264.5,32,0.48,10.83,3888.96,9.75958,10.845769,9.749994,101,0,0,0,NORMAL,1.5053,1.5212,A,WORLD_BANK,100,A,100
269,2026-07-29T17:39:24.285+05:30,2026-07-29T12:09:24.285Z,30.645997,76.694734,30.646009,76.694846,39.095,82,264.5,32,0.48,10.85,3899.8,9.523676,10.520372,9.51145,100,0,0,0,NORMAL,1.674,1.5212,A,WORLD_BANK,100,A,99.9
270,2026-07-29T17:39:25.280+05:30,2026-07-29T12:09:25.280Z,30.646009,76.694846,30.646022,76.694958,39.134,82,264.5,32,0.48,10.74,3910.54,9.435104,10.156693,9.428956,101,0,0,0,NORMAL,1.7241,1.5212,A,WORLD_BANK,100,A,99.9
271,2026-07-29T17:39:26.278+05:30,2026-07-29T12:09:26.278Z,30.646022,76.694958,30.646034,76.695071,39.11,83,264.5,32,0.48,10.9,3921.44,9.42594,10.711782,9.402613,101,0,0,0,NORMAL,1.079,1.5212,A,WORLD_BANK,100,A,99.9
272,2026-07-29T17:39:27.277+05:30,2026-07-29T12:09:27.277Z,30.646034,76.695071,30.646045,76.695184,39.254,84,264.5,32,0.48,10.96,3932.4,9.973471,12.855574,9.885687,101,0,0,0,NORMAL,2.3433,1.4913,B,WORLD_BANK,100,B,99.9
273,2026-07-29T17:39:28.285+05:30,2026-07-29T12:09:28.285Z,30.646045,76.695184,30.646056,76.695297,39.378,84,264.5,32,0.48,10.84,3943.24,9.647926,11.171166,9.624725,101,0,0,0,NORMAL,2.3433,1.4913,B,WORLD_BANK,100,B,99.9
274,2026-07-29T17:39:29.285+05:30,2026-07-29T12:09:29.285Z,30.646056,76.695297,30.646062,76.695412,39.75,86,264.5,32,0.48,10.97,3954.21,9.424442,10.692641,9.416069,101,0,0,0,NORMAL,2.0763,1.4913,B,WORLD_BANK,100,B,99.9
275,2026-07-29T17:39:30.290+05:30,2026-07-29T12:09:30.290Z,30.646062,76.695412,30.64607,76.695525,39.743,85,264.5,32,0.48,10.93,3965.14,9.488417,10.328962,9.479102,100,0,0,0,NORMAL,1.4681,1.4913,A,WORLD_BANK,100,A,100
276,2026-07-29T17:39:31.281+05:30,2026-07-29T12:09:31.281Z,30.64607,76.695525,30.646082,76.695641,39.073,84,264.5,32,0.48,11.14,3976.27,9.40796,10.443808,9.396604,100,0,0,0,NORMAL,0.888,1.4913,A,WORLD_BANK,100,A,100
277,2026-07-29T17:39:32.280+05:30,2026-07-29T12:09:32.280Z,30.646082,76.695641,30.646098,76.69575,36.562,82,264.5,31,0.5,10.56,3986.84,9.488681,10.845769,9.468944,101,0,0,0,NORMAL,1.45,1.5587,A,WORLD_BANK,100,A,99.5
278,2026-07-29T17:39:34.282+05:30,2026-07-29T12:09:34.282Z,30.646098,76.69575,30.646156,76.695921,31.469,72,260.89,32,0.47,17.67,4004.51,9.795236,11.266871,9.781169,202,0,0,0,NORMAL,1.954,1.5587,A,WORLD_BANK,100,A,100
279,2026-07-29T17:39:36.286+05:30,2026-07-29T12:09:36.286Z,30.646156,76.695921,30.646283,76.695997,27.547,33,261.89,32,0.48,16.05,4020.56,9.405819,11.266871,9.381862,202,0,0,0,NORMAL,1.4942,1.5587,A,WORLD_BANK,100,A,100
280,2026-07-29T17:39:38.283+05:30,2026-07-29T12:09:38.283Z,30.646283,76.695997,30.646432,76.695975,26.739,0,262.94,32,0.47,16.87,4037.43,9.750683,11.802819,9.719212,201,0,0,0,NORMAL,1.5533,1.5984,A,WORLD_BANK,80,A,100
281,2026-07-29T17:39:40.279+05:30,2026-07-29T12:09:40.279Z,30.646432,76.695975,30.646554,76.695889,22.753,336,263.31,32,0.46,15.89,4053.31,9.55542,10.86491,9.53878,202,0,0,0,NORMAL,1.2786,1.5984,A,WORLD_BANK,80,A,99.5
282,2026-07-29T17:39:42.300+05:30,2026-07-29T12:09:42.300Z,30.646554,76.695889,30.646632,76.695819,16.865,332,262.08,31,0.47,10.93,4064.24,9.610804,12.874715,9.54835,202,0,0,0,NORMAL,2.2924,1.5791,B,WORLD_BANK,73.6,B,100
283,2026-07-29T17:39:47.312+05:30,2026-07-29T12:09:47.312Z,30.646632,76.695819,30.646702,76.695739,9.512,323,260.36,32,0.47,10.94,4075.19,9.397255,13.850906,9.340556,503,0,0,0,NORMAL,1.9962,1.7589,A,WORLD_BANK,65.99,A,99.9
284,2026-07-29T17:39:50.288+05:30,2026-07-29T12:09:50.288Z,30.646702,76.695739,30.646782,76.695648,16.922,321,259.93,32,0.47,12.51,4087.7,9.384655,10.348103,9.37825,302,0,0,0,NORMAL,1.567,1.7589,A,WORLD_BANK,65.99,A,99.9
285,2026-07-29T17:39:52.281+05:30,2026-07-29T12:09:52.281Z,30.646782,76.695648,30.646884,76.695543,27.065,320,260.25,32,0.48,15.11,4102.81,9.306211,10.309821,9.296586,201,0,0,0,NORMAL,0.7561,1.7589,A,WORLD_BANK,65.99,A,99.5
286,2026-07-29T17:39:54.283+05:30,2026-07-29T12:09:54.283Z,30.646884,76.695543,30.647,76.695428,28.715,320,260.7,32,0.48,16.99,4119.81,9.602612,11.094602,9.583701,201,0,0,0,NORMAL,1.3624,1.6593,A,WORLD_BANK,100,A,99.9
287,2026-07-29T17:39:56.283+05:30,2026-07-29T12:09:56.283Z,30.647,76.695428,30.647128,76.695312,30.597,321,261.26,32,0.48,18,4137.81,9.569339,10.769205,9.554983,202,0,0,0,NORMAL,2.1612,1.6593,B,WORLD_BANK,100,B,100
288,2026-07-29T17:39:58.284+05:30,2026-07-29T12:09:58.284Z,30.647128,76.695312,30.647253,76.695201,30.5,322,261.74,32,0.48,17.51,4155.32,9.680176,10.788346,9.665755,202,0,0,0,NORMAL,1.27,1.5602,A,WORLD_BANK,100,A,100
289,2026-07-29T17:40:00.292+05:30,2026-07-29T12:10:00.292Z,30.647253,76.695201,30.647382,76.69509,31.331,323,262.1,32,0.48,17.77,4173.09,9.552142,11.075461,9.534087,201,0,0,0,NORMAL,1.2451,1.5602,A,WORLD_BANK,100,A,100
290,2026-07-29T17:40:02.276+05:30,2026-07-29T12:10:02.276Z,30.647382,76.69509,30.647513,76.694985,31.72,324,262.02,32,0.48,17.73,4190.82,9.498259,10.501231,9.490074,202,0,0,0,NORMAL,1.0225,1.5602,A,WORLD_BANK,100,A,99.9
291,2026-07-29T17:40:04.281+05:30,2026-07-29T12:10:04.281Z,30.647513,76.694985,30.647641,76.694882,30.755,323,262.04,32,0.48,17.37,4208.19,9.424775,10.577795,9.415527,201,0,0,0,NORMAL,0.9116,1.2721,A,WORLD_BANK,100,A,100
292,2026-07-29T17:40:06.286+05:30,2026-07-29T12:10:06.286Z,30.647641,76.694882,30.647762,76.694779,29.856,323,262.16,32,0.48,16.7,4224.89,9.51862,12.20478,9.464111,202,0,0,0,NORMAL,2.2699,1.2721,B,WORLD_BANK,100,B,99.4
293,2026-07-29T17:40:08.282+05:30,2026-07-29T12:10:08.282Z,30.647762,76.694779,30.64788,76.694678,29.662,324,262.17,32,0.48,16.24,4241.12,9.528052,11.286012,9.503518,201,0,0,0,NORMAL,1.9555,1.3928,A,WORLD_BANK,100,A,100
294,2026-07-29T17:40:10.288+05:30,2026-07-29T12:10:10.288Z,30.64788,76.694678,30.648004,76.694579,31.308,325,262.07,32,0.48,16.77,4257.89,9.481246,10.635218,9.470175,202,0,0,0,NORMAL,1.4507,1.3928,A,WORLD_BANK,100,A,99.4
295,2026-07-29T17:40:12.288+05:30,2026-07-29T12:10:12.288Z,30.648004,76.694579,30.648138,76.694467,33.397,324,261.85,32,0.48,18.28,4276.17,9.510303,10.348103,9.504288,202,0,0,0,NORMAL,1.7296,1.3928,A,WORLD_BANK,100,A,99.9
296,2026-07-29T17:40:14.284+05:30,2026-07-29T12:10:14.284Z,30.648138,76.694467,30.648282,76.694351,34.824,323,261.42,32,0.48,19.5,4295.67,9.540222,10.424667,9.533134,201,0,0,0,NORMAL,1.0338,1.465,A,WORLD_BANK,100,A,99.9
297,2026-07-29T17:40:16.291+05:30,2026-07-29T12:10:16.291Z,30.648282,76.694351,30.648426,76.694233,35.614,324,261.48,32,0.48,19.62,4315.29,9.504677,10.635218,9.494091,201,0,0,0,NORMAL,1.4482,1.465,A,WORLD_BANK,100,A,99.9
298,2026-07-29T17:40:17.285+05:30,2026-07-29T12:10:17.285Z,30.648426,76.694233,30.648504,76.694174,36.161,325,261.59,31,0.48,10.31,4325.6,9.605875,11.113743,9.57962,101,0,0,0,NORMAL,1.2074,1.465,A,WORLD_BANK,100,A,99.9
299,2026-07-29T17:40:18.326+05:30,2026-07-29T12:10:18.326Z,30.648504,76.694174,30.648583,76.694116,36.233,326,261.42,32,0.48,10.43,4336.03,9.652461,11.075461,9.631926,101,0,0,0,NORMAL,1.5874,1.5567,A,WORLD_BANK,100,A,100
300,2026-07-29T17:40:19.289+05:30,2026-07-29T12:10:19.289Z,30.648583,76.694116,30.648663,76.694059,35.696,327,260.95,32,0.48,10.43,4346.46,9.297489,10.003565,9.283977,101,0,0,0,NORMAL,1.9343,1.5567,A,WORLD_BANK,100,A,100
301,2026-07-29T17:40:20.287+05:30,2026-07-29T12:10:20.287Z,30.648663,76.694059,30.648741,76.694003,35.357,326,260.69,31,0.49,10.19,4356.66,9.404654,10.539513,9.386884,101,0,0,0,NORMAL,1.4355,1.5567,A,WORLD_BANK,100,A,100
302,2026-07-29T17:40:21.279+05:30,2026-07-29T12:10:21.279Z,30.648741,76.694003,30.648816,76.693944,35.206,326,260.5,32,0.48,10.04,4366.7,9.633412,11.687973,9.594713,100,0,0,0,NORMAL,1.1501,1.5567,A,WORLD_BANK,100,A,100
303,2026-07-29T17:40:22.286+05:30,2026-07-29T12:10:22.286Z,30.648816,76.693944,30.64889,76.693886,34.95,326,260.22,32,0.48,10,4376.7,9.619519,10.539513,9.612596,101,0,0,0,NORMAL,1.8696,1.5567,A,WORLD_BANK,100,A,99.9
304,2026-07-29T17:40:24.283+05:30,2026-07-29T12:10:24.283Z,30.64889,76.693886,30.649035,76.693767,34.608,324,260.04,32,0.48,19.64,4396.34,9.570134,12.511036,9.510068,202,0,0,0,NORMAL,1.924,1.5379,A,WORLD_BANK,100,A,100
305,2026-07-29T17:40:26.279+05:30,2026-07-29T12:10:26.279Z,30.649035,76.693767,30.64917,76.693644,34.562,323,259.96,32,0.48,19.11,4415.45,9.434562,10.692641,9.423555,202,0,0,0,NORMAL,1.1383,1.5379,A,WORLD_BANK,100,A,99.9
306,2026-07-29T17:40:28.284+05:30,2026-07-29T12:10:28.284Z,30.64917,76.693644,30.649309,76.69352,34.601,323,260.32,32,0.48,19.49,4434.93,9.438256,10.443808,9.430097,201,0,0,0,NORMAL,0.8304,1.4904,A,WORLD_BANK,100,A,99.9
307,2026-07-29T17:40:30.288+05:30,2026-07-29T12:10:30.288Z,30.649309,76.69352,30.649448,76.6934,34.596,324,260.39,32,0.48,19.25,4454.18,9.530426,10.692641,9.518976,202,0,0,0,NORMAL,1.0963,1.4904,A,WORLD_BANK,100,A,100
308,2026-07-29T17:40:32.287+05:30,2026-07-29T12:10:32.287Z,30.649448,76.6934,30.64959,76.693282,34.929,323,261.37,32,0.48,19.41,4473.59,9.655329,11.152025,9.643961,202,0,0,0,NORMAL,0.8156,1.4904,A,WORLD_BANK,100,A,99.9
309,2026-07-29T17:40:33.283+05:30,2026-07-29T12:10:33.283Z,30.64959,76.693282,30.649665,76.693222,35.341,324,261.17,32,0.48,10.11,4483.7,9.659966,10.941474,9.646203,100,0,0,0,NORMAL,1.488,1.138,A,WORLD_BANK,100,A,99.9
310,2026-07-29T17:40:35.287+05:30,2026-07-29T12:10:35.287Z,30.649665,76.693222,30.649808,76.69311,33.828,326,261.23,32,0.48,19.18,4502.88,9.693403,11.152025,9.677599,202,0,0,0,NORMAL,1.5039,1.138,A,WORLD_BANK,100,A,100
311,2026-07-29T17:40:37.280+05:30,2026-07-29T12:10:37.280Z,30.649808,76.69311,30.649945,76.693015,30.046,327,260.98,32,0.48,17.77,4520.66,9.634969,14.233726,9.567776,202,0,0,0,NORMAL,2.1606,1.138,B,WORLD_BANK,100,B,100
312,2026-07-29T17:40:39.271+05:30,2026-07-29T12:10:39.271Z,30.649945,76.693015,30.650054,76.692928,26.046,325,260.63,32,0.48,14.73,4535.38,9.348187,11.43914,9.287294,202,0,0,0,NORMAL,5.5665,1.6894,C,WORLD_BANK,100,C,100
313,2026-07-29T17:40:41.268+05:30,2026-07-29T12:10:41.268Z,30.650054,76.692928,30.650137,76.692863,19.785,324,260.16,32,0.48,11.08,4546.46,9.496758,11.553986,9.45857,201,0,0,0,NORMAL,5.2281,1.6894,C,WORLD_BANK,100,C,100
314,2026-07-29T17:40:44.274+05:30,2026-07-29T12:10:44.274Z,30.650137,76.692863,30.650222,76.692791,14.851,324,260.71,32,0.48,11.77,4558.23,9.478859,13.602073,9.425976,302,0,0,0,NORMAL,3.2477,2.9403,B,WORLD_BANK,78.42,B,99.4
315,2026-07-29T17:40:47.276+05:30,2026-07-29T12:10:47.276Z,30.650222,76.692791,30.650272,76.692695,14.568,297,261.03,32,0.48,10.98,4569.2,9.413851,10.596936,9.403222,302,0,0,0,NORMAL,1.5911,2.9403,A,WORLD_BANK,78.42,A,100
316,2026-07-29T17:40:51.286+05:30,2026-07-29T12:10:51.286Z,30.650272,76.692695,30.650344,76.692591,8.718,327.76,260.79,32,0.48,13.15,4582.35,9.559952,10.86491,9.548788,403,0,0,0,NORMAL,1.2273,2.9349,A,WORLD_BANK,77.09,A,100